imo,vessel_name
1013377,ANTWERPEN
1013389,ARLON
1013391,PACIFIC VALLERY
1013494,SEA ENERGY
1013975,SUIHA
1013999,JAL KAILASH
1014101,
1014113,ENEOS OCEAN
1014876,IMOLA
1015181,UM KISO
1015258,PARNASSOS
1015868,GEM RUBY
1016082,GASCHEM DOLPHINТип судна: Газовоз для перевозки сжиженного нефтяного газа (LPG / MGC — Midsize Gas Carrier)
1018676,CELSIUS GEORGETOWN
1018860,GOLDEN SUN
1018949,KODKOD
1019539,HIMALAYASAN
1019735,NEW ACE
1019773,AEGEAN CIMO номер: 1019773
1019967,MORNING MAYA
1020875,MENUIRES
1021180,JAL DHVANIIMO номер: 1021180
1021594,
1021611,OROSHI
1021702,BISE
1021922,TRIPITI
1022079,ALGOMA EAST COAST
1022689,GEM DIAMONDIMO номер: 1022689
1023401,DIAMOND GAS JADE
1023865,QINGCHENG
1024015,ATLANTIC MAJESTY
1024510,
1024572,MERAK
1024584,MIZAR
1024601,FORTITUDE
1024613,INSPIRATION
1024625,SH UNITY
1024754,TIANSHAN
1024986,ASTYPALEA
1024998,
1025411,CAPTAIN M. KYRIAKOU
1026788,HIKARI THERESA
1027237,GREAT FIVE OCEAN
1027873,KYOKUHOUMARU
1028384,
1028528,GENEVA STAR
1029869,ATREBATES
1029895,MARAN MYRTO
1030040,MUGELLO
1030064,JARAMA
1030301,GAS PEONY
1030399,AESOP
1030404,SIENA
1031513,TIAN SHU XING
1031783,BURAN
1032751,CLIPPER COPPELIA
1032763,CLIPPER GRACE
1032816,BEAUTIFUL FUTURE
1033365,FURE VASA
1033808,SAMOTHRAKI
1033810,PSERIMOS
1034187,
1035052,
1035076,CAPE BRASILIA
1035557,NISSOS SERIFOPOULA
1035765,TP PROMISE
1035777,TP PROGRESS
1037139,EBURONES
1037933,
1039632,PACIFIC DUBHE (Примечание: идентификация проведена на основе метаданных файла image_af2a25.png).
1040722,MAUI
1041415,FEDORA
1042380,XT SEAL
1042500,TARA
1042550,AEGEAN FIGHTER
1042562,GAZ RONIN
1043085,DELOS T
1043138,YASA ATLANTIC
1043140,YASA PACIFIC
1043152,YASA AEGEAN SEA
1043657,GH ANGELOU
1043669,
1043695,ARION
1044106,MENAPII
1044211,SEASCORPION
1044900,BELLA TORTUM ST (ранее фигурировало в системе как HYUNDAI MIPO 8417)
1045710,VELOCITY
1045992,ADVANTAGE PATH
1049388,
1049871,ETHANE CORAL
1050117,ENERGY GUARDIANIMO номер: 1050117
1050571,ENERGY PIONEER
1050624,MORINI
1050959,SEGWAY
1051226,SEA ADVENTURE
1051630,
1053755,TP PROSPECT
1054163,GAS ALTAIR
1055387,VENUS SINGAPORE
1055985,
1056006,PARIAN TRADER
1058341,DELOS CIMO номер: 1058341
1059577,PUSAKA JAYA
1059632,NAVE ANTHOS
1059644,NAVE AMARYLLIS
1061348,LONG MEI
1061855,PACIFIC EXPLORER
1062586,PACIFIC HORIZON
1062627,PACIFIC INFINITY
1064118,ARIDAIOS
1064558,GRAND WINNER 7
1065851,RASHEEDA
1066324,SC DIAMOND
1067768,AEGEAN MIRACLE
1068413,TURID KNUTSENТип судна: Танкер для сырой нефти (Crude Oil Tanker)
1069405,DALIAN NO 2 P110K73
1069998,KASUGA MARU
1070832,NISSOS DELOS
1070844,NISSOS SANTORINI
1071408,ASP RAINBOW
1071410,ASP SUNSHINE
1073303,HAKURYO MARU
1074723,
1074797,HOANG HA OCEAN
1075296,PGC YIANNIOS
1075600,BOW OCELOT
1077945,HD HYUNDAI MIPO 2939
1077957,BETA (S/T)
1078896,K SHIPBUILDING 1956
1084338,XIN TAI HU 9
1084455,FRONTIER VENTUREIMO номер: 1084455
1086257,XIN SU RUI 139
1087328,CHANG LONG 76
1087627,CAPE OLYMPUS
1088126,GOLDEN PETUNIA (ранее: LIAN HAI 505)
1088449,ORIENTAL SUNSTONE
1090777,NEW EXPLORERIMO номер: 1090777
1097775,ARISTOTELIS II
1100508,CYGNET
1107934,EISHIN MARU NO.2
1121447,DI HAI FU TAI
1132147,OMEGA
1133751,
5233573,ARISTOTLE
6928632,LNG ELBA
7379993,FPSO SAXI BATUQUE
7708302,YUUM K'AK'NAAB (в переводе с майя — «Повелитель моря»)
8331508,NORD
8348006,
8519966,BAO YU
8608872,KARMOL LNGT POWERSHIP ANTARCTICA
8608884,KARADENIZ LNGT POWERSHIP OCEANIA
8617055,"SIMBA (ранее ORE, LORENA, LORENA BR)"
8691702,YU SON
8765292,KIZOMBA A FPSO
8795871,JIAN XING 15
8813697,"PACIFIC MOON (ранее известен как JIREH PROVIDER, OTILIA)"
8838556,NIKOLAY KUDAKOVSKIY
8907319,"AILSA CRAIG I (ранее: RUBY III, ORPHEUS ASIA)"
8917845,VANESSA
9001772,LARA
9012915,RANI
9018115,NANY
9018555,HYUNDAI UTOPIA
9030993,"PROGRESS (ранее: ORION STAR, SPARTAN WARRIOR, NEW PROGRESS)"
9038969,NADEZHDA
9039755,TRANS OCEAN
9043093,"TABLONES (ранее BOMAR LYNX, NORDIC LYNX, NORTHERN LYNX)"
9045807,CRAVE (ранее: BATELEUR)
9047386,"BEAUTY ONE (бывш. AFRICAN BEAUTY, PACIFIC OPAL)"
9050187,"GAS AURORA (ранее POLAR, WITCH QUEEN, KEREM BEY, MIHRA, PRIMUS G, ORCA M)"
9054030,KORF
9066461,KOYO MARU NO.8
9074626,MUBARAZ
9074638,MRAWEH
9074652,UMM AL ASHTAN
9077800,FPSO PSVM (бывшее название: BOURGOGNE)
9078359,MASSONGO Номер IMO: 9078359
9082398,TRISTAN (ранее JABAL SHAMS)
9085364,DELOS
9102112,STOLT EFFICIENCY
9102124,STOLT CAPABILITY
9103403,HUNTEGAS
9108099,"PISSARO (исторически: GAS BOMBAY, GAS MARYAM, JAG VAYU)"
9110183,MORNING SUN
9115303,NAVIXON
9117480,NEGRA HIPOLITA
9122253,STAR PHENIX
9127186,"ALGO (ранее: ALGOMA HANSA, AMALIENBORG)"
9130470,ATH LEMBA
9131371,SEABULK ARCTIC
9133068,"CR TETHYS (бывш. YONGSHENG OCEAN, AGILITY, MAERSK CLARISSA, BRO CHARLOTTE)"
9133836,MORITZ
9134294,ELLY
9143207,BOW FLORA
9160932,"ZANGO (ранее: SADO, MOSUNMOLA, BRO ATLAND)"
9162514,MARS
9162526,VENUS
9162916,SETTEBELLO
9163271,MONARCH NO. 1
9164081,ARAGONITH
9164847,"ELI AKASO (ранее: FARM, ARM, ARMADA ULYSSES, ULYSSES)"
9165176,CAPT GREGORY
9167136,DAWN HARIDWAR
9167174,RIANA
9168283,KYOKAI MARU NO.75
9168740,ELITE
9169691,CS PROSPERITY
9171175,CILICIA
9172636,GAS STRENGTH
9172868,SEA LION
9173202,EXPRESS SAIL
9173721,
9173745,"CHLOE (ранее SAM 121, SAMAH, SAVIOR, EUROHOPE, GENMAR HOPE)"
9174713,ZALIV STRELOK
9175212,SUNDARI
9175482,MARIA DEL CARMEN VI
9176369,DJANET
9176694,TRANS CATALONIA
9176773,"MANISA (ранее: ZARO, BALITA, ANGLIA)"
9177569,SEA SOAR
9180255,"GALILEAN 7 (ранее: RIDGEBURY PRIDE, PRIDE, BRITISH PRIDE)"
9180891,PHOENIX STAR
9181857,"ASTRA I (ранее: ATHINA II, AWI NA 3I, MORNING GLORY 1/V)"
9181869,SANMAR SRUTHI
9182318,SA CRYSTAL
9183374,"FELI (ранее известное как FSO по классификации, хотя параметры соответствуют VLCC)"
9183532,TERRA NOVA FPSO
9183609,DAN EAGLE
9183934,"FELICITY (ранее LEYCOTHEA, URAL)"
9184392,MARITIME JEWEL (историческое название: LIMBURG)
9190638,HANNE KNUTSEN
9191242,HAKUSEI MARU NO.55
9191400,KELLY
9193721,XIANG YUN HU
9196618,AQUARIUS STAR
9197155,SILVER DAWN
9197284,BOW SUNТип судна: Танкер-химовоз / нефтепродуктовоз (Chemical/Oil Products Tanker)
9197296,BOW STAR
9197624,HOUYOSHI MARU
9197856,RUBYNI
9197894,RAPHAELA
9199311,STOLT SKUA
9199713,"ELIAK (бывш. BOVISTA, DYNASTY)"
9200469,TRIMMU 3
9200615,
9200926,LION II
9202015,
9202027,
9202912,
9202950,KOKI MARU
9203332,
9203564,
9203758,
9203784,"ADITYA (ранее LOTUS, SANDRO, EUROSPIRIT, TENERIFE SPIRIT, BOSCO TAPIAS)"
9203796,
9204350,
9204829,DAEDONG JINHAE 1045
9204831,DAEDONG JINHAE 1046
9204843,DAEDONG JINHAE 1047
9204855,DAEDONG JINHAE 1048
9204867,
9204879,
9204881,
9204893,
9205081,WINSON NO.5
9205794,
9206035,TULJA KALYANI
9206217,SWISSCO 118
9206384,
9207285,SASAKI 621
9207728,HARI LEELA
9207845,
9208033,
9208057,
9208095,
9208100,
9208239,GAFUS
9209295,
9209829,
9209996,SHAOLIN (ранее ANDINO NU)
9210907,
9212369,
9212412,
9212474,
9212747,
9212761,DAEWOO 5158
9212905,HAPPINESS I
9213313,ALBEDO
9213325,EVRETI (бывш. SEAWAYS PORTLAND)
9214305,STOLT FOCUS (ранее BOW FAVOUR)
9214410,"ALMAK (ранее: Kvaloyfjord, Mary M)"
9215036,GRAFF
9215282,BOW SEAТип судна: Танкер-химовоз / нефтепродуктовоз (Chemical/Oil Products Tanker)
9215294,BOW SIRIUS
9216298,"ARCTIC VOSTOK (ранее: ASYA ENERGY, EAST ENERGY, TRADER IV)"
9217967,RYOKA MARU NO.103
9218181,ATLANTIS MZ
9220964,ST3
9221918,DA QING 451
9223916,LISBON (ранее: CHEM HARVEST)
9224271,"NICHOLA (ранее SPIRIT OF CASPER, MARIA GRACE, GENER8 ORION)"
9224295,OCTANS
9224439,CAROLINE BEZENGI
9224441,GRUS I
9224453,TRACOS (бывш. BERLINA)IMO номер: 9224453
9224752,FSO ASIA
9228655,LUCIA A
9228849,SC EXPRESS LV
9229025,"TALIA (ранее SEA CROWN, NOTUS)"
9229532,ORACLIFF (бывш. CLIFFWATER)
9230050,EXCALIBUR
9230062,MARIGOLD LNGТип судна: Газовоз (LNG Tanker)
9230878,SA CAPRICORN
9230969,LA BALENA
9231468,
9231509,"CHIOS (ранее: TREND, MM STRENGTH, SPM STRENGTH)"
9231511,YONG TAI
9231602,LEVANTO (ранее: ST VANESSA)
9231690,TIANZE
9231705,HALIMA (ранее: VALDAOSTA)
9232711,DA QING 452
9233208,FAAS
9233753,ATILA
9233935,CHIE MARU
9234587,
9235268,SA EUROPE
9235725,BLACK MARLIN (текущее название)
9236614,ETYFA PROMETHEAS
9236901,OCEAN GAS
9237620,ITG AMOY
9237785,NIRETAIMO номер: 9237785
9238040,SINGAPORE ENERGY
9238052,FREYA
9239460,CALM LAKE
9239630,
9239654,MATRIX S. ILU (ранее: JINAN)
9239848,NORDIC POLLUX
9239977,LOANNA
9240172,ENCELIA
9240902,KYOKUSHO MARU
9241815,ST ZEEZEE (ранее: CIELO DI MILANO)
9243033,DESH GAURAV
9243148,
9243320,YEHOPE
9244623,HARMONY STAR
9244867,SA JEWEL
9245691,DA QING 453
9245706,DA QING 454
9245720,STI EXCEL
9245794,LATTAFA
9246463,FUXI
9246578,CADIZ KNUTSEN
9246621,PORTOVYY
9246633,SA OCEANIA
9247792,CECILA
9247821,BALSA
9247986,AVA 10
9248409,NS COLUMBUS
9248423,"ALKEBULAN (ранее: NORDIC APOLLO, GLYFADA SPIRIT, EURO SPIRIT)"
9248813,ARINA
9248825,
9248837,PETROGARUDA
9249087,DRACO
9249178,NUSA MERDEKA
9249336,LYCASTE PEACE
9250191,MERCHANT
9250488,CELESTE I
9250622,RENE (бывш. KAIMON II)IMO номер: 9250622
9250725,HONGKONG ENERGY
9250751,BOW FIRDA
9251028,KESTREL
9251509,CRYSTAL VLADIVOSTOK
9251523,APREX
9251535,CORONA (ex. MARITIME MAISIE)
9251547,RADHIKA
9251810,"BLUEBELL (ранее: CROSS OCEAN, BRITISH LAUREL)"
9252072,TRIMA
9252448,IVY PEARL (бывш. BOURDA)
9253222,SHANDONG JUNIPER
9253284,FSRU TOSCANA (ранее: GOLAR FROST)
9253703,RAAHI
9253715,ENERGOS PRINCESS
9254850,CAMILLA
9254915,SCALER
9254927,ENDEAVOR
9254977,"TRESFJORD (бывш. VADERO HIGHLANDER, CLIPPER HIGHLANDER, CRESCENT HIGHLANDER, MONTIPORA)"
9255490,SEARAY
9255684,
9255880,"PHENIX VI (бывшие названия: ZEPHYR I, ZHEN I, ALFA ITALIA)"
9256078,LITEYNY PROSPECT
9256298,ALFONSO
9256432,BIT POWERIMO номер: 9256432
9256602,ARCTIC PIONEER
9256834,SYNERGY STAR
9256858,INDA
9256860,GALLILEO
9256896,HAKUSEI MARU NO. 37
9256913,ELMO
9256975,TORM LOUISE
9257541,KYOKURYU MARU
9258002,KAZAN
9258894,GOLDEN SPLENDOR
9259290,
9259329,FUSION ENERGY
9259331,SUGAR APPLUS (бывшее название EURODESTINY)
9259745,ETERNAL PEACE
9260079,PIONEER (прежние названия: MOUNT FUJI)
9260603,SHINJU MARU NO.1
9261205,MUTIARA
9261396,STEF
9261401,QUARTZ
9262209,LNG AKWA IBOM
9262754,ATILA
9262900,M PEARL
9263734,DESH SHAKTI
9263746,STI PUSAN
9265354,AZTEC
9265744,RESTON
9265873,"KAMELOT (ранее: Karema, Seaways Alcmar, Overseas Alcmar, Alcmar)"
9265885,SEA MAVERICK
9266267,STOLT BETULA
9266425,THUN GRANITE (бывш. BRO GRANITE)
9266803,YUYO MARU
9266994,LNG ENUGU
9267003,LNG OYO
9267015,LNG BENUE
9268277,PAUL E.
9269180,ENERGY ADVANCE
9270488,
9270529,KRYMSKIMO номер: 9270529
9271248,ARCTIC PRINCESS
9271377,TRIDENT HOPE
9271999,
9272204,CHAMPION CONCEPT
9272723,GOLDEN GULLIVER
9272735,"W NORTH (бывш. BOMAR QUEST, ESHIPS QUEST, NAVITAS QUEST)"
9273064,HEATHER KNUTSEN
9273246,STARWAY
9273351,ETERNAL
9273650,"SEAWAY (ранее BRUNO, ENDEAVOUR)"
9274082,TM HAI HA 568
9274434,NS LEO
9274484,TORM LOUISE
9274616,DEIMOS
9274666,KOCATEPE
9274800,ASTRAL
9275074,PIONEER KNUTSEN
9275256,"SIYA RAM (ранее: MAERSK RYE, ANWAAR LIBYA)IMO номер: 9275256"
9275347,LALLA FATMA N'SOUMERIMO номер: 9275347
9276224,WENZHOU STAR
9276389,ARCTIC DISCOVERER
9276561,SHENZHEN
9276597,HAFNIA NILE
9277620,LNG DREAM
9281009,JI HANG
9281011,EKSPANDER
9281425,RANGVER
9281578,
9281580,"NEW VENTURE (ранее BLUE OCEAN, IOANNIS I)"
9281798,"LIBERTAD VI (ранее CLIPPER BEAUNE, CRESCENT BEAUNE)"
9282053,ASIA ASCEND
9283722,"BOURBON (ранее VICTOR 1, SPIRIT)"
9283772,SIRIUS (историческое название: HMAS SIRIUS)
9283801,NOVA
9284192,ARCTIC LADY
9284415,SEA LION
9284685,CHEMROAD ECHOIMO номер: 9284685
9284788,DHAN LAXMI (бывшее название: OCEAN SUNRISE)
9285196,SENIORITY (бывшее название: SUPERIORITY)
9285706,CORONET
9286073,RCELEBRA
9286554,LUCKY CHEM
9287936,KIZOMBA B FPSO
9288356,ROCK
9288708,AURO
9288813,CHAMPION ENDURANCE
9288899,"NORELIA (бывшие названия: EUROVOYAGER, TOLEDO SPIRIT, ROCKY RUNNER)"
9288930,PACIFICOS
9289178,
9289518,"PASIPHAE (бывшие названия: PACKARD, PHONIX WAY, AJAX, WESTERN BALTIC)"
9289752,SAVITRI
9290517,
9291248,
9292113,SOMBEKE
9292204,AMAZON
9292278,VERA
9292498,NIOVI
9292515,PELAGOS
9293002,"NASLEDIE (бывш. BLINT, ARGENT, JAGUAR, S PUMA, SIGNAL PUMA)"
9293143,"KASPER (ранее TITAN, CLASSIC, RIDGEBURY PALLAS, CAPE BRINDISI)"
9293507,OCEAN START (ранее известное как JAG LOK)
9294068,SOUTHERN EMPEROR
9294290,KIRIN STAR
9294563,PIS PIONEER
9295270,PETREL 1
9296377,MARJORIEТип судна: Нефтяной танкер (Suezmax)
9296389,VALTHERA
9296406,RIGEL
9296688,HAKUSEI MARU NO.15
9296884,DS ROSA
9297137,LOTUS (бывш. STOC PETREA)
9297357,NOVATOR
9297711,INCHEON CHEMI
9298272,VALENTE
9298399,AL THAKHIRAТип судна: Танкер для перевозки сжиженного природного газа (LNG Tanker)
9298492,"TOA PAYOH (бывшие названия: NORTHERN OCEAN, NORTH POINT)"
9298650,AMALTHEA
9298739,
9299159,FRIEND
9299563,NORTH STAR
9299707,GUANYIN
9299719,OTLA
9299733,NAGARJUNA
9299874,"VIREL (ранее: VIPER, BEKS ROSE, NCC NAJD)"
9300544,ROSEANNE
9300788,DOLPHIN 06
9300817,KOSMOS
9301029,
9301524,DENEB (бывш. PALMER)
9301744,VICTORY (ранее ICE VICTORY)
9301873,
9302657,TOTAL ENERGY
9302669,TENDER HARMONY
9302982,LIRICA
9303247,"GREEN EAGLE (ранее: NORDIC CASTOR, ROMANTIC)"
9303649,CHEMROAD HAYA
9303728,CHRYSOPIGI
9304306,MARINA AMAN
9304588,PEACE GULF
9304605,MINERVA SYMPHONY
9305180,PATALYA
9305611,PROMITHEASIMO номер: 9305611
9305623,PROPONTIS
9305867,MINERVA RITA
9306081,JADE
9306639,
9306641,
9306811,NCC QASSIM
9307176,AL DEEBEL
9307750,JAG VASANTТип судна: Газовоз СПГ/СУГ (LPG Tanker)
9307786,PM REGALIA
9307932,THIRTY ONE
9308089,DE XI
9308534,MARITIME NORDIC
9308986,LIAN SHUN HU
9309241,EVROTAS
9310161,RENADIMO номер: 9310161
9310525,QENDIL
9310850,REGIN
9312511,"MONACO LOYALTY (ранее NEPTUN, MAERSK NEPTUNE)"
9312860,ELYSARIA
9312884,KEMEROVO
9313125,HAWKS PROGRESS
9313137,YAMATOGAWA
9313474,MOSTAR
9313498,JACKLYN
9313838,HOSEI MARU NO.7
9314416,SHUNHO MARU
9314753,TRANS EXETER (бывшее название: CAPE EXETER)
9315056,MTM MISSISSIPPI
9315367,CHLOE
9315393,BOW FLOWER
9315680,PINE GAS
9315719,LNG NOBLEТип судна: Танкер для перевозки сжиженного природного газа (LNG Tanker)
9315721,STOLT SUIRE
9315783,SEAVICTORY
9315903,BOSPOROS
9315939,CHAMPION POLAR
9317078,MARVELS
9317200,NORTH PIONEER
9317298,ZIXUAN
9317315,LUCH
9317999,AMUR RIVER
9318010,MINERVA XANTHE
9318149,ORPHEAS
9318228,ZEA LILIAN
9318230,AMAK SWAN
9318618,GAZ CRYSTAL
9320374,
9320714,KINYRAS
9320752,
9321160,KITION M
9321184,SANMAR SAROD
9321225,GAS MIA (ранее GAS FRIEND)
9321457,SOLO 7
9321562,
9321691,BARQ
9322267,ASGARD
9322657,YUYO
9323986,GARASAN
9324100,TORM STIGNE
9324289,KRITI STATE
9324318,PALOMA
9324344,CHEIKH BOUAMAMAIMO номер: 9324344
9324590,SPRING ALPHA
9324734,JAG VIKRAM
9325037,COSMERRY LAKE
9325348,PURITY
9325685,AL MARROUNA
9325893,TANGGUH TOWUTI
9326067,TEJAS
9326598,GREEN ASHA
9326809,DESH ABHIMAAN
9326811,AEGEAN HORIZON
9326902,ASHA
9327011,CAPOEIRA
9327140,SEA FORTUNE
9327281,"MONJASA PROVIDER (бывш. SKAW PROVIDER, BROVIG WIND)"
9327451,"CHAMPION ARCTIC (бывшее название: SEAWAYS GALLE, APOSTOLOS)"
9329655,PROXIMA
9329758,SEA 1
9329796,KIKU
9330173,KOKUHO MARU
9330343,LONDON STAR
9330381,BEGONIA
9330393,THAI CHEMI (бывш. ORIENTAL ROSE)
9330771,
9330874,ASTRA MARIS
9331660,SERI BALHAF
9331672,SERI BALQIS
9332042,AL JABIRAH
9332171,VIRENT
9332535,SEA V
9333242,THARINEE NAREE
9333400,NOBLE
9333424,PHOTON
9333436,SOLARIS
9333618,COOL ROVER
9333785,SEADAR
9334076,EJNAN
9334222,WHITHAVEN (бывш. GALP MARINE)
9334571,"SANMAR SUPARNA (исторически: EAGLE HOPE, TWO MILLION WAYS)"
9334739,OLIB
9335032,MRC SEDEF (ранее: NCC RABIGH)
9335094,VARG.
9335109,EASUNHO
9335408,DONG HAI 210
9336397,LILLESAND (бывшее название: SPT CHAMPION)
9336414,
9337171,COSPEARL LAKE
9337341,OCEANID
9337523,ATLANTIS AMSTERDAM
9337731,TEMBEK
9337743,GAS CHEM ATLANTIC
9337755,MOZAH
9337963,AL SAFLIYA
9337975,DUHAIL
9338797,SESTAO KNUTSEN
9338929,GRAND MEREYA
9339260,SEAPEAK ARWA
9339313,LADOGA
9340427,LILA CONFIDENCE
9340441,EASTERLY BEECH GALAXY (бывшее название: BEECH GALAXY)
9340465,MULAN
9340477,OCTONAUTIMO номер: 9340477
9340908,"PLEVNE (бывш. CURACAO TRADER, CLIPPER KITTY)"
9341380,"RATHBONE (ранее EMOCEAN, HANZE MANGALORE и др.)"
9341689,LNG JUPITER
9341940,"SEA LA VIDA (бывшие названия: DANSHIP TOPE, PELAGIC TOPE, HAFNIA RHINE, BW RHINE)"
9342023,YU LAN
9342401,GAS EMERALD
9342487,"SEAPEAK MAGELLAN (ранее: MAGELLAN SPIRIT, MAERSK MAGELLAN)"
9343340,
9343352,ALQADISIA
9344423,RUBIKON 202
9344825,LIAN XING HU
9344930,ZUN YI TAN
9346457,CHEM RON
9346744,MA JIN
9346926,CORAL MEDUSA (бывш. CASTEL DELL'OVO)
9346952,ASHOKA
9347217,SHINSEI MARU
9347308,AURA MARIS
9349784,
9350604,NY LORD
9350642,
9350654,RUBY CROSS
9350757,"HEINRICH (предыдущие названия: JUTLANDIA SWAN, BESIKTAS ENGLAND)"
9350898,CORAL LACERA (бывш. CORAL NETTUNO)
9350927,TRINITY GLORY
9351634,ZONDAR
9351919,GREEN SARITA
9351921,
9351971,PACIFIC ENLIGHTEN
9352133,CARIBE LUNA
9352200,STOLT SAGALAND
9352262,HD PETROL
9352860,GASLOG SAVANNAH
9352963,GAS CAMELOT
9353149,ARTEMIDA
9353541,HATTERAS TRADER
9353577,OVERSEAS NIKISKI
9353606,
9353797,PLATA SOUTH
9354313,JASMINE (бывш. ZALIV AMURSKIY)
9354480,KYOEI MARU (вероятное обозначение в регистрах для этого IMO)
9354612,PINAR GAS
9356892,SHIVALIK
9357614,AFRICAN RUBY (бывшее название: CHER)
9358292,"PLATA LUCKY (бывшее название: MAERSK NEWTON, NEWTON)"
9358319,AVYAAN
9358321,HANSA OSLO
9358929,EVRIDIKI
9359363,BRAVE OCEAN
9359399,"XING TONG 789 (бывш. GULF MIRDIF, STOLT GULF MIRDIF)"
9359868,GULF FANATIRIMO номер: 9359868
9359870,GULF HUWAYLAT
9359894,GULF JALMUDA
9360128,ZALIV BAIKAL
9360130,ZALIV VOSTOK
9360817,FRAIHA
9360843,AL SHEEHAN
9360867,AL UTOURIYA
9360879,AL HUWAILA
9360881,AL KHARSAAH
9360893,AL SHAMAL
9360908,AL KHUWAIR
9360946,DOLPHIN 21
9362152,FURE SKAGEN
9363481,
9363807,JN NEPTUNE (бывш. SUN NEPTUNE)IMO номер: 9363807
9365001,PM MONARCH
9365051,KOWA MARU NO.18
9365635,SEYCHELLES PATRIOT
9366196,GOLDEN DENISE
9366263,KARDIANI (бывш. HIGH SATURN)
9367372,ERICUSA M (бывш. PROCIDA)
9367437,OM JAIPUR
9367671,MINERVA MEDITERRANEA
9367700,HANSA SEALIFTER
9368170,KYUHO MARU
9368235,NEVAH
9368778,CHRISTOPH SCHULTE
9371593,DESH VIRAAT
9371610,STEN ARNOLD
9371660,GASCHEM ATLANTIC
9371684,GASCHEM CARIBIC
9372420,CLIPPER ORION
9372743,
9372779,KOSHIN MARU NO.21
9373008,K.JASMINE
9373656,
9374301,
9375317,SINO WISDOM
9375329,GRAND ACE6 (ранее STX ACE 6)
9376660,STOLT QUETZAL
9376828,ATLAS STAR
9376854,CLEAN IMPERIAL
9377054,LAMENTIN
9377078,CLIPPER MARSТип судна: Газовоз (LPG Tanker / LGC — Large Gas Carrier)
9377236,DENVERТип судна: Танкер для перевозки сжиженного газа (LPG Tanker)
9377248,TOKYOТип судна: Газовоз СУГ (LPG Tanker)
9377420,PHILIPPINES PROSPERITY
9377652,STARLIGHT II
9377779,VOZROZHDENIYE (ранее: MONARCH I)
9377793,REIMEI
9378307,CORAL FURCATA (бывш. NORGAS CONCEPTION)
9378369,
9378371,FANTASIA
9379052,NOVA (ранее известное как OCEAN AUTUMN)
9379131,SEA VOYAGER
9379208,JIAOLONG
9379325,"FORTUNE (ранее: PS LONDON, INDIAN POINT)"
9379894,KISO
9379911,SAGAMI
9379961,TWERK (ранее: ALPINE PERSEFONE)
9379973,CYPRESS GALAXY
9380063,MINERVA EMILY
9380099,PLATYTERA (ранее SILVER EXPRESS)
9380104,MITERA (бывш. PIONEER EXPRESS)
9380386,MINERVA JOANNA
9380594,
9380740,CAP THEODORA
9380831,MINERVA JULIE
9381287,NISSHUN MARU
9381756,VELOS AQUARIUS
9381835,GULF MUTTRAH
9382504,KOWIE
9382798,TRUST (ранее известно как TRANSSIB BRIDGE)
9382956,SELINI
9382968,SALAMINA
9383895,CENTRAL STAR
9383900,BW ENN CRYSTAL SKY
9383950,SALUT
9384100,
9384198,MANIFAТип судна: Нефтяной танкер (VLCC — Very Large Crude Carrier)
9384227,
9384590,PLATA GLORY (бывш. FRONT KATHRINE)
9386249,"SCANDIC (бывш. NORSTAR BALTIC, SWAN BALTIC, OZAY-5)"
9386299,GAS CONCEPT
9386964,DORRA
9387542,KAOMBO NORTE (бывшее название: OLYMPIA)
9387578,NUSHEN
9387932,GREAT MANTA
9387970,"SOLO (прежние названия: AVRA PATROS, ENERGY CENTURION)"
9388209,"JOHNNY RANGER (бывш. PS HOUSTON, IRON POINT)"
9388223,DANIEL FIMO номер: 9388223
9388302,BOW ELM
9388314,BOW LIND
9388754,JAL ANJALI
9388821,AL SAMRIYA
9388924,
9389265,IVORY COAST PROSPERITY
9389320,VICENTE GUERRERO IIIMO номер: 9389320
9389643,EXPEDIENT
9389722,AULAC DIAMOND
9389758,XIN TONG YANG
9389760,XIN RUN YANG
9389837,SEAWAYS GUAYAQUIL (ранее GULF CASTLE)
9389849,CHEMROAD DIGNITY
9389851,GULF CORAL
9390458,FOX LUNA
9390769,TORM LENE
9391438,SEAWAYS MOMENT
9391440,ISLEMAN
9391751,SAKURAGAWA
9391945,EMERALD
9392042,"GAS EXELERO (ранее: EPIC CORDOVA, CORDOVA)"
9392482,TORM LOUISEIMO номер: 9392482
9392808,SEAWAYS MYSTERY (ранее ALPINE MYSTERY)
9393096,MONTE TAMARO
9393101,MONTE LEMA
9395501,YUYO SPIRITS
9396024,BOMAR OSPREY
9396737,"SKYLIGHT (ранее: FALCON IRIS, ISOLA BIANCA)"
9396775,PACIFIC PRIDE
9396787,HARBIYE
9397145,ATLANTIC PIONEERIMO номер: 9397145
9397341,AL SADD
9397353,ONAIZA
9397779,FPMC C INTELLIGENCE
9397808,BLUEFIN PEARL
9398058,NEW PROSPECT
9398060,NEW PARADISE
9398280,"TIGERLILY (бывшие названия: CHIOS LION, BRIGHTOIL LION, ARSOS)"
9398591,"VICTORIA (ранее SAMPURNA, FENG HAI YOU 1)"
9399272,NCC HUDA
9399351,HENRY MAERSK
9399492,MOTELE OLA
9400409,JBU OPAL
9400837,"KOBE (прежние названия: ST. GERTRUD, KILAKARAI STAR)"
9400978,CENTAURUS (ранее OCEAN SUCCESS)
9400980,EVALI
9401233,PALAWAN STAR
9401295,
9401312,RIO FREDRIKSTAD (бывш. SAMUS SWAN)
9402316,
9402328,SARA SKY
9402653,STAR CURACAO
9402732,URAN
9402770,IPANEMA STREETIMO номер: 9402770
9402782,OCEAN ELECTRAIMO номер: 9402782
9402914,MARAN PENELOPE (ранее: ASTRO PENELOPE)
9402988,HAPPY GAS
9403310,PIS PARAGON (бывш. CHALLENGE PARAGON)IMO номер: 9403310
9403554,SERENGETI
9404364,JOHN AUGUSTUS ESSBERGER (бывш. BLUE GARNET)
9404376,IEVOLI GOLD (бывшее название: MARIA LAURA)
9404625,CORAL LEAF
9404845,ZENITH SPIRIT
9404924,C. GALAXY
9404936,AFRA MAREТип судна: Танкер для перевозки сырой нефти (Crude Oil Tanker / Aframax / LR2)
9405057,HIGH PEAK
9405643,JN EMERALD
9405875,HISUI
9407093,"CHEM MIA (ранее: BW MIA, STREAM MIA, GOLDEN MIA)"
9407275,CLEAROCEAN FUYO
9407562,GOLDEN STATE
9407847,
9407988,STEN BERGEN
9408102,PELICAN STATE
9408542,LING HONG (также фигурирует под названием TONG TU)
9408554,HE BO
9408683,ZHUO YUAN
9408695,"TASSOS (ранее: BAY GLOBAL, FRONT BALDER)"
9409493,DIAMOND EXPRESS
9410208,KAROLOS
9410399,SERIFOS
9410533,MED ATLANTICТип судна: Танкер-химовоз / нефтепродуктовоз (Chemical/Oil Products Tanker)
9410973,ADVANTAGE SUGAR
9411082,"NEW LIBERTY (бывш. NOBLEWAY, KNOCK CLUNE)"
9411197,
9411226,CE BERMUDA
9411733,ANIVUS 1 (ранее ANAFI)
9411965,KALLISTA (ранее: ATHENIAN HARMONY)
9412074,ANDOVER
9412098,PHAETHON
9412103,PEGASUS
9412335,"SHARQAH (ранее: AGRI, MARAN TETHYS)"
9412347,LYNX (прежнее название: LEONID LOZA)
9412359,BELGOROD
9412995,KRUGER
9413573,ARCADIA
9413664,R.C BEHAR
9413688,SINBAD
9413834,PATROCLUS
9413884,KIYO MARU NO.8
9414058,
9414060,STOLT NORLAND
9414216,GINGA CHEETAH
9414254,CHEMROAD JOURNEY
9414632,SEVILLA KNUTSEN
9414814,SWARNA BRAHMAPUTRA
9415650,AQUAMARINE PROGRESSТип судна: Газовоз (LPG Tanker / VLGC)
9415698,GAS SHAKTI
9415703,GREEN SHAKTI
9416070,DING HENG 39
9416109,TG VIRGO
9416628,XIN PU YANG
9416642,XIN YONG YANG
9416654,XIN SHEN YANG
9416733,
9417012,EAGLE KUANTAN
9417189,YUAN SHAN HU
9417206,TAURUS (ранее: FPMC 21)
9417218,"VIRGO (бывш. FPMC 22, NAN LIAN 11)"
9417452,CHRYSANTHEMUM
9418133,
9418145,STRENGTH
9418365,SHAGRA
9418494,ZALIV ANIVA
9418602,"MOSCOW SPIRIT (ранее: PRINCIMAR STRENGTH, ORIENT PIONEER)"
9418822,HARBOUR EXPRESSIMO номер: 9418822
9419369,AMFITRITI
9419474,APOLYTARES
9419955,FPMC C NOBLE
9419967,SINGAPORE PROSPERITY
9420710,BOCHEM OSLO
9421269,BTS FABULOUS
9421324,"PRAGUE (бывшие названия: MR AQUARIUS, MARLIN GLORY, MERIOM GLORY)"
9422146,C. ETERNITYIMO номер: 9422146
9422392,ZARUMA
9422445,RESPECT (ранее: ARCTIC AURORA)
9422512,CLEAN MOXIE
9422550,DUBAI BRILLIANCE
9422615,DONG A TRITON
9422677,MARI GALAXY
9422988,VOLANS (также известное как NEW MILOS)
9423906,"FLORA MARIS (ранее: BACHATA, CHANG JIANG)"
9424211,OLYMPIC LUCK
9424223,NYALA
9424273,OLYMPIC LIGHT
9424649,"TOKYO (ранее: PS TOKYO, HIGH EFFICIENCY)"
9425227,CALDERA STAR (ранее NIDA STAR)IMO номер: 9425227
9425497,"PATRICK C (ранее PERSEUS N, ELBTANK FRANCE)"
9425526,
9425538,PENTOZALI
9425992,GINGA LEOPARD
9426441,SENDA
9427627,ADEBOLA ADELINE
9427990,CYGNI
9428372,VIRGEN DEL CISNE
9428437,"EXCELLION (бывшие названия: AC-D, NORDIC THERESA, MALOU THERESA, UMAY)"
9428841,SM NAVIGATOR
9429003,TORM GWYNETH
9429302,ATHINA
9430911,VANQUISH
9431147,AL BAHIYA
9431214,ZARGA
9431288,MAERSK KAYA
9431317,
9431458,SWARNA KALASH
9432050,GIANNIS
9432866,KATTEGAT (бывш. SAPPHIRE-T)
9433509,"TORM ATLANTIC (бывш. MAERSK MALTA, GIACINTA)"
9433810,"VELOS ZIRCON (предыдущие названия: UOG KYMA, EAGLE MELBOURNE)"
9434266,VALENCIA KNUTSEN
9436408,STORHOLMEN
9436410,
9438224,VALME B
9438327,SEA BRILLIANCE
9439058,"NORNS (бывш. ORIENT, LIMNIA, TSURUGA)"
9439307,PANCARAN KHATULISTIWA
9439319,WOO CHAN
9439539,BOLU
9439670,CAPTAIN A STELLATOS
9439785,"YAS (ранее RIDGEBURY ALEXANDRA Z, YASA SEYHAN)"
9439802,DASТип судна: Танкер-химовоз / продуктовоз (Chemical/Oil Products Tanker)
9439814,ERIN SCHULTE
9439838,EVERHARD SCHULTE
9441192,NORDIC C
9441207,MINDORO STAR
9441245,GULF LOYALTY
9441685,PILARGAS
9443140,TORM AUSTRALIA
9443164,TORM MALAYSIA
9443413,RASHEEDA
9443877,GRAND ACE 10
9445655,GOLDEN OAK
9447067,SELENKAIMO номер: 9447067
9447328,"TIMA WOURI (бывшие названия: SONGA ATLANTIC, ATLANTIK PRIDE, LIDO, FT STROMBOLI)"
9447732,MAERSK MAGELLAN
9447744,CHAMPION CORNELIAIMO номер: 9447744
9448700,
9449405,MARE PICENUM
9451226,BALTIC
9451836,KOWA MARU NO.3
9452816,JULIO A
9452880,AFRODITI
9453872,MACHADO DE ASSIS
9454486,TANGOТип судна: Танкер для перевозки сырой нефти (Crude Oil Tanker / VLCC)
9455349,KITA
9456915,
9456939,FLAGSHIP ORCHID
9457024,SONGA COSMOS
9457452,PRINCESS NATALIEIMO номер: 9457452
9457878,HURON
9458028,AMARANTH
9458858,UACC SHAMIYA
9459034,NCC REEM
9459046,DESH SHOBHA
9459060,"NAVE ATRIA (ранее: NAVE, NAVE&ATRIA)"
9459084,NAVE BELLATRIX
9459204,CAP MEJEAN
9460045,WATATSUMI
9460100,NANIWA MARU NO.65
9460241,STEN FJELL
9461685,ORKIM CITRINE
9461776,SILVER MARGO
9461855,TORM GENESIS (ранее SKS DONGGANG)
9466142,SCOTT SPIRIT
9466582,ADVANTAGE SPRING (ранее: REEF)
9466738,SLOMAN HERMES
9466752,SIDRA DOHA
9466910,SWAN BALTIC
9467732,SWARNA KAMAL
9467770,DESH SAMMAN
9467794,HAFNIA AUSTRALIA
9468671,DELTA POSEIDON
9468815,ROMANCE
9469235,KAKUREI MARU
9469455,EMANTHA
9469998,IZUMI MARU NO.7
9472737,GINGA BOBCAT
9473729,AKATSUKI MARU
9473937,JC BAZAN
9474345,SUNNY MARS
9474541,ANGELA
9475208,TORM LOUISE
9475430,"GOLDEN JASMINE (бывшие названия: KENRICK, ORCHARD, BLUE EMERALD, GAMTOOS)"
9475600,SONANGOL SAMBIZANGA
9478614,ALPINE LINKIMO номер: 9478614
9478664,TAKAOKA
9478688,PINE MEADOW
9478705,ALPINE LEGENDIMO номер: 9478705
9479802,KEY SOUTH (бывш. EKIN-S)
9480306,"KTS WHITEIMO: 9480306Тип судна: Oil/Chemical Tanker (Танкер для перевозки нефтепродуктов и химикатов)Флаг: РЕСПУБЛИКА КОРЕЯ (REPUBLIC OF KOREA)Габаритные характеристики: Длина (LOA) — 87.91 метра, ширина — 14 метров2. Текущая оперативная обстановкаДанные зафиксированы по состоянию на 21 мая 2026 г., 02:48 (UTC+9).Навигационный статус: Stopped (Остановлено)Скорость: 3.7 узлаОсадка: 5 метров3. Логистический трекПункт отправления: Есу, Южная Корея (KR YOS)Дата отправления: 19 мая 2026 г., 05:57 (UTC+9)Заявленный пункт назначения: Ульсан, ЮЖНАЯ КОРЕЯ (KR USN UTT)Расчетное время прибытия (ETA): 21 мая 2026 г., 23:00 (UTC+9) (фактическое прибытие в операционную акваторию Ульсана зафиксировано со значительным опережением — 20 мая 2026 г. в 07:24 UTC+9)4. Промышленный OSINT-анализОперационный статус: Малотоннажный наливной танкер KTS WHITE выполнил внутренний каботажный переход из нефтехимического хаба Есу в порт Ульсан (географическая зона North China). Несмотря на навигационный статус «Stopped» (Остановлено), судно фиксирует остаточную скорость 3.7 узла и следует истинным курсом $143^\circ$ с угловой скоростью поворота $-10^\circ/\text{мин}$. Это указывает на активное маневрирование в границах портовых рейдовых путей, работу буксиров или заход в терминал UTT (Ulsan Tank Terminal). Вблизи судна также отмечается коммерческий интерес оператора Hanwha Commodity Trading.Контекст: Судно адаптировано для гибкой транспортировки малых партий продуктов нефтепереработки и жидкой химии. Текущая осадка 5 метров для танкера с шириной корпуса 14 метров указывает на средний уровень загрузки (частично заполненные танки). Судно прибыло в порт назначения на 1.5 суток раньше заявленного ETA, что позволяет оператору оптимизировать время ожидания на рейде и оперативно поставить танкер под грузовые операции слива/налива химических компонентов."
9482299,SONANGOL ETOSHA
9482603,PHOENIX ADMIRAL
9482859,NAVIG8 MESSI
9484077,SELETAR SPIRIT
9484742,
9485631,UOG HARRIET G
9485863,FG ROTTERDAM (бывшее название: SIVA ROTTERDAM)
9486506,NEW WISDOM
9486520,NEW HORIZON
9486934,SAMOS
9487263,YAMILAH-III
9487380,ALAND (ранее: ANZER)
9488413,"VOULA (бывшие названия: PATARIS, NORDIC ANNE, SUMMIT AUSTRALIA)"
9488839,ASTREA
9489912,ROMULO ALMEIDA
9490325,BOW ENDEAVOR
9490961,
9491812,CUBAL
9493133,JN JUPITER
9494979,TOEI MARU
9496032,FLAGSHIP PRIVET
9498975,"MONJASA STRIKER (ранее ACCRA, SP ATHENS, BUSCHUR)"
9499876,FORTALEZA KNUTSEN
9501162,DABA
9502439,SAN SAN H (ранее JIUJIANG)
9503586,ANITA (бывш. YORACO)
9503926,SHANNON STAR (бывшее название: SEINE STAR)
9506069,LV LIZZY
9506693,DARIKA
9508990,
9509035,BEI HAI ZHAN WANG
9510462,PS ROMA
9512757,"ANDIAMO (ранее: HIGH PEARL, IA PEARL)"
9512836,SHORYU MARU
9513115,ARAGONA
9513438,DAN SABIA
9514559,NAVE QUASAR
9514561,PANAMA PROSPERITY
9515436,LILA KOCHI
9515814,TONG XIN YUAN
9515929,NEW STRENGTH
9516117,JAG LAKSHYA (ранее: DEVON)
9516222,ARENDALIMO номер: 9516222
9516923,DELTA AIGAION
9516935,DELTA APOLLONIA
9516947,NEW GIANT
9517458,BARTOK (бывшее название: BESIKTAS PERA)
9517941,KOKUHO MARU
9519494,MARAN TAURUS
9521473,AQUILA
9521485,MADHURI
9522128,CALIDA
9522178,
9522180,DS VENTURE
9522269,GAS JULIIMO номер: 9522269
9523330,SENRIN MARU
9523586,MEISYO MARU
9524982,"BRIOLETTE (ранее: MAERSK JAMNAGAR, RICH DUKE II)"
9524994,BLUE MOON
9525223,KOWA MARU
9526461,SOUTH AFRICA PROSPERITY (ранее ITHAKI)
9526681,ACONCAGUA (ранее HENG XIN)
9527013,MS PEACE
9527295,MARAN THALEIA
9528043,DAYTONA
9528380,VALLEBLU
9529293,VILAMOURA
9529956,JAMAICA PROSPERITY
9531478,SUNNY BAY
9531519,"NAVIGATOR GENESIS (бывшие названия: MAERSK GENESIS, NAE 5)"
9531636,TORM GEMMA (ранее: SKS DEMINI)
9534004,EGYPT PROSPERITY
9534846,SINGAPORE ENERGY
9535058,HAKUSAN
9536038,CHANG AN ZHOU
9536923,CHEMROAD POLARIS
9537305,IZUMI MARU NO.20
9537745,EAST LOYALTYIMO номер: 9537745
9538440,SHAN YING ZUO
9539585,SPRING STREET (ранее: MERCER STREET)
9539925,ARDMORE SEAVENTURE
9540089,ENERGY FIDELITYТип судна: Газовоз для перевозки СПГ (LNG Tanker)
9540560,KINYO MARU NO.2
9540833,UNIQUE INFINITY
9543079,MANTA BEYLERBEYI
9543500,YARE
9543524,
9543548,TORM ARAWA
9544592,MAJESTY
9547506,ELEGANT VOYAGER
9547520,AKANE
9547685,
9550682,XING CHEN
9550694,"K LUCKY (ранее UOG HERMES, UACC EAGLE)"
9550709,PELAGIC TURBOT (ранее SUMMIT AFRICA)
9552599,KAIRYU
9552666,FAIRCHEM ALDEBARAN
9554729,AKEBONO MARU
9556181,NAVIG8 HONOR
9558397,"CHEM SIRIUS (ранее: VALOROUS QUEEN, LADY KIHO)"
9558971,CHEMICAL MARINER
9559406,"BRAZIL PROSPERITY (бывшее название: MARAN LYRA, TAI HUNG SAN)"
9560467,IZUMI MARU
9562673,
9562697,GASSAN
9563237,ROBERTA B (бывшее название: SEAWAYS KILIMANJARO)
9563574,LI HUA 26
9566758,STOLT SANDPIPER
9568043,ORKIM FORTITUDE
9568495,SAKURA ADVANCE (ранее: KOKUKA COURAGEOUS)
9568809,TUNISIA PROSPERITY
9569580,TONG ZHOU 6
9569633,STREAM
9569700,DERYA
9571064,"RUDRA (ранее JS LANSHAN, NING BO WAN)"
9572575,GOLDEN UNITY
9573660,AQUA 1
9575589,SONANGOL CABINDA
9576832,"XT HONESTY (бывш. TZ GLORY, CYBELE)"
9576909,DL AMBER
9577185,SAEHAN NURIA
9577991,"CGAS TIGER (бывш. CAESAR, JS CAESAR)"
9578000,CGAS PANTHER
9578012,"CGAS LEOPARD (бывш. ALULAR, JS ALULAR)"
9579030,STENA SUPERIOR
9579494,ALMI HORIZON
9579509,ALMI GALAXY
9579561,ALMI NAVIGATOR
9579585,ALMI VOYAGER
9580390,SEAWAYS EAGLE
9583665,"RED DIAMOND (бывш. NAVIGARE PARS, MISENO)"
9583732,
9588469,NORDIC ZENITH
9589748,RIO APURE (ранее: MELITA)
9589932,NAVE CASSIOPEIA
9589944,NAVE CETUS
9590008,
9590058,XING YE
9590319,METRO MOON
9590888,DHT TAIGA
9590905,
9591284,COSGLAD LAKE
9592288,INDIGO SUN (ранее: NISSOS SANTORINI)
9592680,TORM EMMA
9593012,NEELA
9594133,LENI P.IMO номер: 9594133
9594664,
9594767,SEAWAYS COLORADO
9594781,SYDNEY SPIRIT
9594834,EAGLE SAN DIEGO
9594858,EAGLE SAN PEDRO
9594896,
9594901,LOULOULIGHT
9595137,
9595539,PHENIX LEGEND
9596363,CHANG HANG HU PO
9596533,PACIFIC SINCERE
9596961,PACIFIC VINCERE
9596997,HOVDEN SPIRIT
9597147,STOLT ORCA (бывшее название: GENUINE HERCULES)
9597252,MOROCCO PROSPERITY (бывшее название: EAGLE VARNA)
9597276,EAGLE VERSAILLES
9597329,RYUSHO MARU NO.5
9600190,JADE STAR 15
9600528,GASLOG SHANGHAI
9600530,GASLOG SANTIAGO
9601194,
9601730,CORAL ACROPORA
9601871,PHENIX EXPRESS
9602473,MARAN LEOТип судна: Нефтяной танкер (VLCC — Very Large Crude Carrier)
9602617,DELTA GLORY
9602643,RED NOVA
9602722,
9602916,SEAKING
9603207,HE AN HAI
9606687,SEASPAN EMINENCE
9606948,ASIA VISION
9606950,ASIA ENERGY
9607174,HAFNIA EGRET (ранее BW EGRET)
9609639,GARNET EXPRESS
9610389,NEXUS VICTORIA
9610767,SEAWAYS WARWICK
9611541,THALIA
9611620,RONG CHIТип судна: Танкер для перевозки сырой нефти (Crude Oil Tanker / Product Tanker)
9611694,SHAN CHI
9613135,PAPUA
9613161,KUMUL
9615444,BEI HAI HOU WANG
9617038,TOKYO MARU
9617454,ESSIEN
9617557,SHENG HANG HUA 5 (бывш. FENG HAI 25)
9617648,STOLT LOTUS
9617820,KOYO MARU
9621077,PACIFIC ARCADIA
9621584,G. ARETE
9622045,XIN YUAN 8
9623257,YONG LE
9623685,ANGOLA B (ранее TEXAS)
9624005,DONATA SCHULTE
9624067,NORDLOTUS
9624940,ENERGOS ESKIMO (ранее: GOLAR ESKIMO)
9625956,TWIN CASTOR
9626273,GASLOG SYDNEY
9627485,WOODSIDE ROGERS
9627502,MARAN GAS LINDOS
9627966,WILPRIDEТип судна: Газовоз (LNG Tanker / Large)
9629548,SEATREASURE
9629586,YENISEI RIVER
9629598,LENA RIVERIMO номер: 9629598
9629952,SEA SPIKE
9630028,"PERLE (бывшее название: PSKOV, PEARL)"
9630951,"FPSO CLOV (акроним по названиям месторождений: Cravo, Lirio, Orquidea, Violeta)"
9631682,CRYSTAL SUNRISE
9633173,MARAN GAS DELPHI
9633446,"NOVO (ранее: SINOPE, KALLIOPI)"
9634012,KIRISHIMA MARU NO.17
9634593,MATSU MARU NO.5
9634737,SUNRISE ACE
9635808,HAFNIA LYNX
9635834,HAFNIA CHEETAH (ранее BW CHEETAH)
9636644,MAERSK AEGEAN (ранее: SEA AUVA)
9636694,"FATIMA ZARAH (ранее: EVO, KIRIBORA)"
9636723,KITA LNG
9636797,COOL RUNNER
9637715,
9638343,SHINKOU MARU NO.28
9638563,NAVE ATROPOS
9640023,COOL EXPLORER
9640645,BW PAVILION LEEARAТип судна: Танкер для перевозки сжиженного природного газа (LNG Tanker)
9642150,BAO QING
9642411,"LIBERTAD VII (ранее XIN HANG 707, ZHONG YUN 57, HUA HENG 6)"
9643271,YASA SCORPIONТип судна: Нефтяной танкер (VLCC — Very Large Crude Carrier)
9644768,IZUMI MARU NO.22
9645748,LNG MARS
9647485,HUA WEI 8
9648776,KAIMON MARU
9650004,RN PRIMORYE
9651735,MAO XIN
9654567,
9654696,
9654701,KOOL KELVIN (ранее: GOLAR KELVIN)
9654713,MCARTHUR
9654775,ARDMORE EXPORTER (бывшее название: FRONT ESK)
9654787,ARDMORE ENGINEER (бывш. FRONT MERSEY)
9655016,BRISOTE
9655200,SCHOTSMAN
9655949,
9655987,CLEAROCEAN MARIGOLD
9657038,
9658238,MARAN GAS MYSTRAS
9658240,MARAN GAS TROY
9658379,JAG PRIYANKA
9658537,RIEI MARU
9659127,SOPHIE SCHULTE
9659672,THE DIPLOMAT
9659725,MARIA ENERGY
9660657,OCEAN VENTURE
9662887,ENEOS SPIRIT
9664782,"SFL PANTHER (бывш. FRONT PANTHER, FRONT PANTHE2)"
9666077,CS IMPERATIVE (ранее: STENA IMPERATIVE)
9666998,LNG JUROJIN
9667473,STENA IMAGEIMO номер: 9667473
9667930,VIRGEN DE LA AURORA
9669897,BOW TRIDENTТип судна: Танкер для перевозки химических грузов и нефтепродуктов (Chemical/Oil Products Tanker)
9669902,BOW TRIUMPH
9669938,STI DUCHESSAТип судна: Танкер-химовоз / продуктовоз (Chemical/Oil Products Tanker)
9670937,MARIA DEL CARMEN IX (ранее NORD GERANIUM)
9672454,"ATLANTICA DELTA (ранее: ATLANTICA DELTC, ATLANTICA LELTA)"
9672820,CESI GLADSTONE
9672832,CESI QINGDAO
9674725,HIGH DISCOVERY
9674775,PRABHU MIHIKAA (ранее CLARICE)
9675200,KAKUYU MARU
9675444,KINYO MARU NO.5
9677612,YAN SHUN
9679593,ZOURVA
9680035,MARIA EMILIA LV
9680190,ASIA VENTURE
9681120,CMC ANTILLANCA (ранее: STI SAN ANTONIO)
9681209,YUAN CHUN HU
9681687,
9681845,
9681857,
9682239,HAFNIA MERLIN
9682332,
9682344,SILVER MONIKA
9682368,SILVER CINDY (ранее также: BAHIA MARINER)
9682978,EFFIE MAERSK
9683001,KANATA SPIRIT
9683087,
9683362,SILVER GWEN
9683403,SILVER HOUSTON
9683415,
9683661,VL PIONEER
9684108,FIDELIO
9685449,INEOS INTREPID
9686364,NEW VOYAGEIMO номер: 9686364
9686388,BW LEVANT
9686649,
9686742,LUCKY CHEMIST (ранее STI TRIBECA)
9687019,GASLOG GREECE
9687021,GASLOG GLASGOW
9687514,KORTRIJK
9687992,ORENBURGIMO номер: 9687992
9688831,STI MADISON
9689029,CHANG LONG 21 (бывш. FENG HAI 36)
9689043,GOLDEN VIOLET
9689146,HIGH FIDELITY
9689976,NEW DREAM
9689990,NEW TRIUMPH
9690157,LNG PORT-HARCOURT IIIMO номер: 9690157
9690171,LNG ABALAMABIE
9690614,HAFNIA VIRIDIAN
9692014,LNG LAGOS II
9692131,PIS JAWA
9692296,SILVER PHILIPPA
9693056,AGIOS GERASIMOS
9693068,ABLIANI
9693070,STEMNITSA
9694646,TORM KRISTINA (ранее NISSOS THERASSIA)
9694658,NISSOS CHRISTIANA
9696149,LNG SATURN
9696254,
9696682,STI ROSE
9696694,
9696711,STI LAUREN
9697222,
9697480,KORYU MARU
9697595,STI OXFORD
9697612,SEAWAYS LONSDALE (ранее: EXCELSIOR BAY)
9697636,SEAWAYS CASTLE HILLТип судна: Танкер-химовоз / нефтепродуктовоз (Chemical/Oil Products Tanker / Medium Range)
9697997,MAGNOLIA STATE
9699402,KAMITAKA MARU
9699995,KEDARNATH (бывш. SPREAD EAGLE)
9700342,SEAWAYS LOOKOUT (ранее ACTIVE)
9701217,
9701566,TORM KIRSTEN
9701786,BW ARIES
9702003,
9702209,TORM DAGMAR (ранее JANE S)
9703332,FRONT JAGUAR
9704465,STI PONTIAC
9705768,CHEM SINGAPORE
9706061,HAFNIA RAVEN
9706425,STI NOTTING HILLIMO номер: 9706425
9706475,STI ROTHERHITHE
9706504,CHEYENNE
9707261,MAGIC CHEMIST
9707510,GASLOG GIBRALTAR
9708150,STI LOMBARD
9708576,GH UMEKO
9709075,MOZAMBIQUE B
9709087,VIETNAM PROSPERITY
9709489,MARAN GAS PERICLES
9709776,HAFNIA ANE
9710191,
9710311,ECO CORSAIR (бывш. B GAS SUNRISE)
9710397,
9711303,SEAGULL
9711523,KITHNOS
9711602,TENRYU MARU NO.88
9711846,EAGLE FORD LADY
9712565,NAVIGATOR SOLAR
9713624,EPIC SULA
9714276,SERI CAMELLIA
9714288,SERI CENDERAWASIH
9714501,HAFNIA AMETHYST
9715866,PRINCESS GARNET
9716016,INDIGO RAY
9717125,"TORM HELGA (бывш. STI GOAL, NAVIG8 GOAL)"
9717761,SEAWAYS WARWICK
9717773,SEAWAYS LOMA
9718064,CL YINGDU
9718404,SILVER ERVILIA
9718416,SILVER EBURNA
9718753,RUSTAQ SILVER
9718777,MAHADAH SILVER
9718806,DANK SILVER
9718820,SADAH SILVER
9718870,STOLT REGINA
9719240,STOLT APAL
9719288,KRUIBEKE
9719408,DELMA
9719501,BW ORION
9719692,STI SYMPHONY (бывшее название: NAVIG8 SYMPHONY)
9719771,HAFNIA AXINITEТип судна: Танкер-химовоз / нефтепродуктовоз (Chemical/Oil Products Tanker)
9720081,
9721401,
9721504,POLAR ACE
9721724,LA MANCHA KNUTSEN
9721918,MARLIN AVENTURINE
9722182,STI GRATITUDEIMO номер: 9722182
9722223,SILVIO
9722792,CHALLENGER
9723083,DONOUSSAТип судна: Танкер для перевозки сырой нефти (Crude Oil Tanker / VLCC — Very Large Crude Carrier)
9723095,FRONT TAY
9723291,MINERVA TYCHI
9724609,SEA FRACTUS
9724697,KOKOLIGHT (бывшее название: BRITISH OFFICER)
9725304,LEIKANGER
9725859,BOCHEM WALVIS BAY (бывшее название: TIGER HARMONY)
9726114,SHAAMITТип судна: Газовоз для перевозки сжиженного нефтяного газа (LPG Tanker)
9726322,NAVIGATOR AURORA
9726475,TORM TROILUS
9726621,
9727015,SEAWAYS HENDRICKS
9727223,BANGLADESH PROSPERITY
9728241,
9728423,
9728435,IONIC ALTHEA (ранее: DIAMOND FAITH)
9728708,BELGIUM B
9728710,EAGLE VENICE
9729271,HAFNIA SOYA
9730361,TRINITY
9730880,STI RAMBLAТип судна: Нефтяной танкер / танкер-продуктовоз (LR2)
9732046,MARITIME HORIZON
9732266,PACIFIC A. DORODCHI
9732503,HELLAS GLADIATORТип судна: Газовоз для перевозки сжиженного нефтяного газа (LPG Tanker / VLGC — Very Large Gas Carrier)
9732541,C.PROMISE
9732826,MALBEC LEGACY (бывш. TRF MOSS)
9732929,"ARDMORE PERSISTENCE (ранее: CL HUAIYANG, MAERSK TRENTON)"
9732931,ARDMORE PURSUIT
9733325,BW FREYJAТип судна: Газовоз СУГ (LPG Tanker / VLGC)
9733698,STORE BAY
9733947,DHT JAGUAR
9733959,DHT TIGER
9733961,DHT LEOPARD
9734836,YARA KARA
9735048,BW MALACCA
9735282,GAS LEO
9735646,HAFNIA EXCELLENCE
9735737,
9736092,ENERGY LIBERTY
9736808,GLOVIS STAR
9736810,GLOVIS SIGMA
9737022,BIBL (указано в данных AIS как название судна)
9737096,EPICURUS
9737204,SENWA MARU
9737371,MARATHON TS
9737383,OSLO TS
9737515,BLUEBIRD
9737577,MELDERSKIN
9739264,CHEM SPICA
9739288,HAFNIA TORRES
9739836,SAANA (бывшее название: FURE VALO)IMO номер: 9739836
9739977,PACIFIC WEIHAI
9740330,FIJI PROSPERITYТип судна: Танкер для перевозки сырой нефти (Crude Oil Tanker / VLCC)
9740469,VST OCEANIA
9740586,HIGH CHALLENGEТип судна: Танкер-химовоз / продуктовоз (Chemical/Oil Products Tanker)Флаг: ЛиберияIMO номер: 9740586
9740794,LAVENDER RAY
9741827,BW NJORDТип судна: Газовоз для перевозки сжиженного нефтяного газа (LPG Tanker / VLGC)
9742807,CASTILLO DE MERIDA
9742912,SILVERWAY
9743203,FRONT CORAL
9743253,EPIC BONAIRE
9743928,GASCHEM BELUGA
9744013,GASLOG GENOA
9744025,GASLOG GLADSTONE
9744128,AFRICA GAS
9744893,STOLT CALLUNA
9744946,EARTH SUMMIT
9745237,AEGEAN UNITY
9746229,CITRINE
9746255,"TIGER EYE (бывшие названия: LADY MEI, LARGO SUN)"
9747106,LIAN XI HU
9747338,
9747974,TERN SEA
9747998,
9748007,PALANCA CADIZ
9748679,NORDIC STAR
9749362,WILLARD JТип судна: Танкер-химовоз / продуктовоз (Chemical/Oil Products Tanker)
9749386,MTM NEW YORK
9749685,KATANA GALAXY (бывш. FAIRCHEM KATANA)
9749714,SOUTHERN ROBIN
9750220,PAN ASIA
9750672,YAKOV GAKKEL
9750684,VAILANKANNIIMO номер: 9750684
9750725,NIKOLAY YEVGENOV
9750737,VLADIMIR VORONIN
9750749,GEORGIY USHAKOV
9752010,BOW CAPRICORN
9752084,SHTURMAN ALBANOV
9752096,SHTURMAN MALYGIN
9752101,SHTURMAN OVTSYN
9752278,ETHANE CRYSTALIMO номер: 9752278
9752292,ETHANE OPAL
9752723,GAS SCORPIO
9752797,ALFA ALANDIA
9752993,MARAN APOLLO
9753002,MARAN ARTEMIS
9753014,MARAN GAS CHIOS
9753026,WOODSIDE CHANEY
9753791,BOW AQUARIUS
9757711,
9757967,CHEMROAD SAKURAIMO номер: 9757967
9758090,BOW SUCCESS (ранее: FAIRCHEM SUCCESS)
9758313,GOLDEN ASPIRANT
9758832,
9758844,
9759240,MARVEL EAGLE
9759757,FRONT CROWN
9759771,FRONT CLIPPER
9759850,SHINSEI MARU
9759915,SHTURMAN SKURATOV
9760213,HAFNIA PRECISION
9760550,BOCHEM BUCEPHALAS
9760770,MARVEL HAWK
9761358,MARAN HELIOS
9761360,MARAN HERCULESIMO номер: 9761360
9761516,LOIRE
9761815,SK SPICA
9761827,SM EAGLE
9762118,TP TENACITY
9762962,HOEGH GIANTIMO номер: 9762962
9762986,DHT HARRIER
9762998,
9764506,STOLT PALM
9766229,HAFNIA YARRA
9766310,SONANGOL CAZENGAIMO номер: 9766310
9766530,BRITISH PARTNER
9766542,
9766554,BRITISH CONTRIBUTOR
9766580,BRITISH SPONSOR
9767340,FRONT SIRIUS
9767962,MARAN GAS HYDRA
9768746,TORM ATLANTIC
9769221,
9769817,
9770438,MARVEL CRANE
9770440,MARVEL HERON
9770696,TAKASAGOТип судна: Танкер для сырой нефти (VLCC — Very Large Crude Carrier)
9770933,MYRINA
9771080,SEAPEAK BAHRAIN (ранее: BAHRAIN SPIRIT)
9771339,FRONT DUKE
9771523,
9771913,LNG SCHNEEWEISSCHEN
9772034,PACIFIC SARAH
9773052,TENACITY VENTURE
9773753,SEACALM
9774135,LNG SAKURA
9774410,SUN VENUS
9774628,
9776341,LEO GREEN
9776547,MARAN ARETE
9777151,HYUNDAI PIONEER III
9777395,
9777400,BOW TUNGSTEN
9777670,SANAR-15
9778313,
9778480,PACIFIC SHANGHAIТип судна: Танкер для перевозки сжиженного газа (LPG Tanker / VLGC)
9779226,DIAMOND GAS ORCHID
9779238,DIAMOND GAS ROSE
9779616,VALIANT
9779989,LIAO SHUN 1
9780005,GAS AQUARIUS
9780641,CRYSTAL RIVERТип судна: Газовоз (LPG Tanker / VLGC)
9780768,BEOTHUK SPIRIT
9780770,NORSE SPIRIT
9780782,DORSET SPIRIT
9782508,KIRISHIMA
9783019,NORDINDEPENDENCE
9783382,LIAN YANG HU
9783679,KHURAIS
9783693,AMAD
9783734,SEAPASSION
9784001,TAVISTOCK SQUARE
9785158,KINISIS
9785689,STI GALATA
9785706,STI LEBLON
9785718,STI LA BOCA
9786164,MAERSK CAYMAN
9786243,SM FALCON
9787792,BRIGHT CREST
9788320,FRONT EARL
9788435,HIGH ADVENTURER
9788473,ST.MICHAELIS
9788485,ST.NIKOLAI
9788552,PACIFIC JASPER
9788564,HAKATA PRINCESS
9788576,BLUE BUTTERFLY
9788710,OTTOMAN SINCERITY
9788875,CARIBBEAN GLORY
9788899,FRONT PRINCE
9789154,CLIPPER FREEPORT
9789257,ATLANTIC FALCONТип судна: Танкер-химовоз / продуктовоз (Chemical/Oil Products Tanker)
9789312,ENRICO FERMI
9790608,CHEMROAD ORCHID
9790610,CHEMROAD AQUA
9790622,CHEMROAD HAWK
9791157,HODAKA GALAXY
9791212,SOHSHU MARU
9791872,BRIGHT FUTURE
9792151,GOLDEN SKY
9792175,CRANE LUNA
9792840,"HAIFENG (бывшие названия: DUOMO SQUARE, SALAMINA)"
9792852,HAI SHANG
9793258,VEGA SUN
9793272,CHALLENGE PRIME
9793387,ORIENT INNOVATIONIMO номер: 9793387
9793868,
9794056,P. BEL AIR (ранее ECO BEL AIR)
9794135,DAGMARТип судна: Газовоз СУГ (LPG Tanker)
9794159,ASPHALT SYNERGY
9794812,UNIVERSAL HONOR
9794836,ADVANTAGE PORTOFINOТип судна: Нефтяной танкер (Aframax / LR1)
9795062,EAGLE BRASILIA
9795127,ELKA APOLLON
9795543,GAS ZENITHIMO номер: 9795543
9796339,NAVIGATOR JORF
9796494,HAFNIA DESPINA
9796585,HOURAI MARU
9796781,SHIN-EI MARU NO.5
9796793,BUSHU MARU
9796810,NORDIC COPENHAGEN
9796822,NORDIC CALLAO
9796834,TSUKUBA GALAXY
9797383,STENA IMPERATOR
9797747,
9797931,SHAUN I
9797943,BUANA ENERGY
9797955,BUANA DYNAMIC
9797981,TORM HERDIS
9798076,HELLAS MARIANNAIMO номер: 9798076
9798088,HELLAS CALAFIA
9798296,"SAVANNA (ранее: PANGNIU, BABYLON)"
9798349,ECO MARINA DEL REY
9798363,ELAIA
9798428,ATLANTIC ASPHALT
9798959,ATLANTIC MARBLE
9798973,
9799185,NEW MELODY
9799379,INEOS MARLIN
9799678,GALLOPТип судна: Танкер-химовоз / нефтепродуктовоз (Chemical/Oil Products Tanker)
9799862,SFL TRINITYIMO номер: 9799862
9800013,EVA BERGEN
9800049,ORIENTAL COSMOS
9800099,GAS YOUNG
9800257,KASOS
9800271,TILOS IТип судна: Нефтяной танкер (Suezmax)
9800647,PACIFIC GOLD
9800702,
9801079,SC SCORPIO
9801421,OOTAKA MARU
9801524,
9801976,
9802059,CELSIA
9802152,IONIC ANAX
9802293,HONG JIN
9803364,ORANGE VICTORIA
9804253,ORIENTAL KING
9804289,COSNEW LAKE
9804423,PAUL A. DESGAGNES
9804459,
9804461,FREUD
9804825,INTERMEZZO
9804837,GINGA BLUE SHARK
9804899,PURPLE RAY
9804916,HAKUBA GALAXY
9805398,SHIN-EI MARU NO.18
9806706,SWAN DIGNITY
9808261,
9808314,GEMMA
9808326,DIADEMA
9808467,BEDFORD (ранее: BELUGA PACIFIC)
9808479,"BALHAM (ранее: ORCA PACIFIC, BILLITON PALM)"
9808857,GOLDEN SUNNY HANA
9809045,HASSI BERKINE
9809394,GINGA ANGEL (ранее: FAIRCHEM ANGEL)
9809576,REDWOOD TRADER
9810056,FUTURE ACEТип судна: Газовоз (LPG Tanker / VLGC)
9810159,RYOSUI
9810226,HAFNIA PACIFIC
9810367,WOODSIDE REES WITHERS
9810379,MARAN GAS ANDROSIMO номер: 9810379
9810501,CSK ENDEAVOUR
9810549,PRISM AGILITY
9810654,PRELUDE
9810666,RHAPSODY
9813319,ALBERTO V
9814129,ENEOS ARROW
9814131,ENEOS EARTH
9815252,CHEM LITHIUM (ранее: BW LITHIUM)
9815604,IBERIAN SEA
9816323,ALMI ATLASIMO номер: 9816323
9816531,MERCURIUS
9816763,GASLOG WARSAWIMO номер: 9816763
9817107,
9817119,
9817509,CHEM SELENIUM (ранее: STREAM ARCTIC)
9818280,RAMELIAIMO номер: 9818280
9818539,BOW ODYSSEY
9819868,HARMONIC
9820013,HOEGH GALLEON
9820336,"MATISA (текущее), бывшее PETUNIA"
9820453,NAIKAIMARU NO.25
9820544,AMAZON FORTITUDE
9821299,SOUTHERN SHARK
9821706,ELANDRA SOUND (ранее: SEA TANANA)
9821847,KOREA VENUS
9822877,EIYU MARU
9823546,JARNAIN
9824928,ORIENTAL VIOLA
9825427,FLEX CONSTELLATION
9826122,DHT APPALOOSA
9826732,ANDREIOS (бывшее название: LOMONOSOV PROSPECT)
9827059,NORD VALOROUS
9827358,TENRYU
9827449,APOLLO ENERGY
9827451,CHEMSTAR TIERRAIMO номер: 9827451
9827566,CHIOS STAR
9827578,OINOUSSIAN STAR
9827683,RICHMOND VOYAGERТип судна: Нефтяной танкер (VLCC — Very Large Crude Carrier)
9827944,SEA LION
9827970,DAI VINH
9827982,DAI QUANG
9828223,BOW EXCELLENCE
9828376,DAITOKU MARU NO.18
9828780,AWABI (бывш. LANDBRIDGE WISDOM)
9828895,IONIAN STAR
9828900,AEGEAN STARIMO номер: 9828900
9828950,SUZUKASANТип судна: Танкер для перевозки сырой нефти (Crude Oil Tanker / VLCC — Very Large Crude Carrier)
9828962,PHOENIX JAMNAGAR
9828998,THUN LIVERPOOL
9829411,AQUILA L
9829679,SUNRISE RAY (бывш. BW RADON)
9829681,CHEM SILICON
9830094,FRONT DEFENDER
9830109,FRONT DISCOVERY
9830252,CHEMICAL CHALLENGER
9830288,HAFNIA HONG KONG
9830290,HAFNIA SHANGHAI
9830795,AJWAD
9831024,SONGA ORION (бывшее название: PENINSULA X)
9831206,"CAPTAIN LEON (бывш. ELANDRA PINE, PS ATENE)"
9831218,IRINI N. LEMOSТип судна: Танкер для перевозки сырой нефти (Crude Oil Tanker / VLCC)
9831220,ADRIANO KNUTSEN
9831696,XIN TAI HU 8
9831828,FRONT SAVANNAHIMO номер: 9831828
9832793,RED RUM
9832808,REFERENCE POINT
9833668,NAVIG8 GALLANTRY
9834325,LNG MEGREZ
9834337,
9834442,HOUSTON VOYAGER
9834454,LONDON VOYAGER
9834466,SINGAPORE VOYAGERТип судна: Танкер для сырой нефти (VLCC — Very Large Crude Carrier)
9835848,MARLIN SICILY
9837573,JULIA THERESA (бывш. SUN JUPITER)
9837597,UNIVERSAL LEADER
9837614,UNIVERSAL PARTNER
9839856,MAYASAN
9842176,VLADIMIR MONOMAKH
9842188,VLADIMIR VINOGRADOV
9842190,AKADEMIK GUBKIN
9843209,SEAFAITHТип судна: Танкер для сырой нефти (Crude Oil Tanker)
9843285,SHENG YOU 233
9843572,AMEINON
9843663,HAI GANG ZHI YUAN
9843912,MARAN TIDE
9844277,SEA SHARK
9844851,DELOS
9845099,FARIDA (бывшее название: GW DOLPHIN)
9845104,RAWAN
9845154,V. PROGRESS
9845221,V. ADVANCEТип судна: Нефтяной танкер (VLCC — Very Large Crude Carrier)
9845685,NISSOS RHENIA
9845697,HAFNIA SAHARA
9845702,FRONT DRIVAIMO номер: 9845702
9845714,FRONT NAUSTA
9845776,AMBERJACK LNG
9845946,YUAN LAN WAN
9847140,CHEMICAL CONTENDER
9847451,DORIC COURAGE
9848223,TOYA
9848326,MALBEC HERITAGE
9848352,MARITIME VALOR
9848584,
9848687,MARI KOKAKO
9849277,VEGA SAGE
9849617,GAS AL MUBARAKIAH
9850666,
9851608,ENEOS GLORY
9851634,
9851646,FLEX RESOLUTEТип судна: Газовоз для перевозки сжиженного природного газа (LNG Tanker / Large)
9851830,HILI (ранее HUNTER ATLA)
9851854,UNIVERSAL CHALLENGER
9853137,GASLOG WALESIMO номер: 9853137
9853175,KIRISHIMA MARU NO.7
9853230,NAVIG8 GLADIATOR
9853266,NAVIG8 PERSEVERANCE
9853383,NIKKO MARU NO.28
9853527,MARITIME GRACIOUS
9853539,MARITIME GUARDIAN
9853840,NISSOS DONOUSSAIMO номер: 9853840
9854363,MINERVA PSARA
9854624,ENERGY ENDEAVOUR
9854703,ZAYNAHТип судна: Нефтяной танкер (VLCC — Very Large Crude Carrier)
9854739,STI MIGHTY (бывшее название: MARLIN MIGHTY)
9854765,
9854791,TORM SPLENDID
9855331,FRONT EIRA
9855484,ESTEEM EXPLORER
9855812,GASLOG WESTMINSTER
9856634,HAFNIA BEIJING
9857212,YASA ALBATROSSIMO номер: 9857212
9857250,PHILOXENIA
9857365,FLEX AURORAIMO номер: 9857365
9857377,FLEX AMBER
9858034,VIRTUS ET LABOR
9858450,SAMHA
9858785,"HOLMES (ранее: GOLDEN DAHLIA, OCEAN ROSE)"
9858852,WISCO ADVENTURE
9859193,HARMONY CHEMIST
9859234,ROYAL CHEMIST
9859753,WOODSIDE CHARLES ALLENТип судна: Газовоз для перевозки СПГ (LNG Tanker)
9860154,SUISO FRONTIER
9861031,COOL DISCOVERER
9861809,ENERGOS POWER (ранее: GOLAR POWER)
9862463,FLEX VOLUNTEER
9862475,FLEX VIGILANT
9862487,RYOKA MARU NO.108
9862906,ARISTIDIS I
9862932,
9863223,
9864277,VINGAREN
9864306,SERI EMORY
9864332,STAMATIAТип судна: Танкер для перевозки химических грузов и нефтепродуктов (Chemical/Oil Products Tanker)
9864746,KOOL FIRN
9864784,CELSIUS COPENHAGEN
9864796,CELSIUS CANBERRAТип судна: Газовоз для перевозки сжиженного природного газа (LNG Tanker / Large)
9864916,GASLOG GEORGETOWN
9865740,TWEED
9866017,HOURIN MARU NO.1
9866770,
9866782,BOW PERSISTENT
9866976,SCARLATTI
9867102,FUTURE ENERGYТип судна: Газовоз СУГ (LPG Tanker / VLGC)
9867267,SOUTHERN WOLF
9867607,MTM VANCOUVER
9868168,MARAN ORPHEUS
9868778,CLEAR STARS
9870707,NORD ELEGANCE
9872987,HELLAS DIANA
9873840,BW LESMES
9873852,BW HELIOS
9874234,HENG XING YOU YI (бывш. ZHE NENG YOU 1)
9874454,DIAMOND GAS CRYSTAL
9874466,DIAMOND GAS VICTORIA
9874480,LNG ENTERPRISE
9874492,LNG MEKONG
9874507,EBN HAWKELIMO номер: 9874507
9874882,ZUIYO MARU
9875800,LNGSHIPS EMPRESSIMO номер: 9875800
9876490,GAS VENUSТип судна: Газовоз (LPG Tanker / VLGC — Very Large Gas Carrier)
9877145,GAIL BHUWAN
9877561,HTM KNIGHT
9877755,SEAVOICE
9877781,FRONT MORGAN
9877793,MORNING GLORY
9878046,SHERLOCK
9878058,"LEANDER FISHER (бывшие названия: LAGAVULIN, OCEAN IXORA)"
9878644,YOHO
9878838,SILVERSTONE
9878876,MU LAN
9879698,ADAMASTOS
9879703,GLOBE POLARIS
9879997,MARAN ASPASIA
9880403,FOREVER BRILLIANCY
9880465,
9880477,GLOBAL SEALINEТип судна: Газовоз для перевозки СПГ (LNG Tanker)
9881201,ENERGY INTELLIGENCE
9882712,SUNRISE SW (или аналогичное в рамках регистра)
9883742,MARAN GAS KALYMNOS
9884021,ASKLIPIOS
9884174,GRACE EMILIA
9884473,
9884801,AQUASMERALDA (бывшее название: YANGZE 18)
9884825,
9884837,LOUROSIMO номер: 9884837
9885594,
9885996,ENEOS OCEAN
9886378,ZEUS
9886639,ORENBURG
9886720,
9886732,CLEAN CAJUNТип судна: Газовоз для перевозки СПГ (LNG Tanker)
9886744,CLEAN COPANO
9886770,NISSOS IOS
9887396,SOLAR NAAMA
9887451,GAS GABRIELA
9887619,ORIENTAL AQUAMARINE
9887815,FRONT FUTUREТип судна: Нефтяной танкер (Aframax / LR2)
9888340,YASA ORION
9888742,ANWAAR BENGHAZI
9888780,KOTOKU MARU
9889045,KOHZAN MARU VI
9889564,DURHAM
9889588,EIHO MARU
9889590,KIPPO MARU
9889722,WU TONG
9889904,ORION SEA
9889942,ELKA ATHINA
9890185,KAKUSHU MARU
9890446,CLEAROCEAN MARAUDER
9890549,"ORIENTAL TULIPТип судна: Танкер для перевозки химических грузов и нефтепродуктов (Chemical/Oil Products Tanker, Тип II и III)"
9890599,RAMIRA
9890939,NORD MIRAIТип судна: Танкер для перевозки химических грузов и нефтепродуктов (Chemical/Oil Products Tanker)
9891672,PEGASUS STARIMO номер: 9891672
9891696,AIFANOURIOS
9891854,KOREA VISION
9891919,SEAGUARDIAN
9891995,ENEOS DREAM
9892406,GAS GALA
9892975,ATLANTIC EMERALD (ранее: CLEAROCEAN EMERALD)
9892987,ATLANTIC JADE (ранее: CLEAROCEAN JADE)
9893046,PACIFIC DIAMOND
9893060,PACIFIC JADE
9893216,
9893228,PACIFIC BEGONIA
9893448,GINGA LIGER
9893541,SEISEN MARU
9893606,LNG ENDEAVOUR
9893656,LEGACYIMO номер: 9893656
9894595,KINYO MARU NO.1
9894600,MATSU MARU NO.12
9895197,TP ENDURANCE
9895238,VIVIRT CITY LNG
9895264,MARAN THULE
9895317,PERTAMINA GAS AMARYLLIS
9895331,SHOWA MARU
9896256,YUAN YU HE
9896816,DONG RUN 16
9896933,BW CASSIA
9897092,ECLIPSE
9897743,RAYAHТип судна: Нефтяной танкер (VLCC — Very Large Crude Carrier)
9898034,MERCANTILE-48
9898204,FURE VITEN
9898553,FRONT MAINE (ранее DICKENS)
9899296,CALYPSO
9899480,CS HU BEI
9899739,STENA PRO MARINE
9899985,NORD VISION
9899997,
9900265,ORKIM EMERALD
9900825,CLEAROCEAN MAVERICK
9901037,NIKOLAY ZADORNOV
9901051,ANGELONIA
9901398,
9901415,ASPEN EXPRESS
9901867,ORCHID SPIRIT
9902172,WHITE CLIFFS
9902756,VIVIT ARABIA LNG
9902847,ENEOS EARTH
9902873,EVERGREEN MARINER
9902902,SM ALBATROSS
9902914,SM BLUEBIRD
9903762,GAS BARBAROSSA
9903920,GRACE FREESIA
9903968,FRONT FAVOURТип судна: Танкер для перевозки сырой нефти (Crude Oil Tanker / Aframax / LR2)
9903970,FRONT FEATURE
9904065,C.GRACE
9904077,C.BRAVE
9904687,SERGEI WITTEIMO номер: 9904687
9904699,ZVEZDA 044
9904704,KONSTANTIN POSIET
9904871,TORM HELENE
9904883,TORM HOUSTON
9905100,VINCERE
9905411,BLUE GRASS MARINER
9905459,ALEXANDROSТип судна: Танкер для перевозки сырой нефти (Crude Oil Tanker / VLCC — Very Large Crude Carrier)
9905978,LAGENDA SURIA
9907017,MISTRAL FLAME
9907275,SOUTHERN ZEREN
9907706,EAGLE COLATINA
9907768,SOLAR RUBA
9907809,SOLAR LAI FONG
9909390,HOSEI MARU NO.3
9909807,GRAND AMBITION
9910117,TATESHINAТип судна: Супертанкер для сырой нефти (Crude Oil Tanker / VLCC — Very Large Crude Carrier)
9910181,TOWA MARU
9910234,EAGLE VALENCE
9910246,EAGLE VALLERY
9911109,AOIMARU
9911551,CYPRESS SUN
9911991,NEW SPLENDOR
9912000,NEW ADEN
9912139,ATLANTIC
9912854,AXIOS IIMO номер: 9912854
9913767,FPMC S RUBY
9913951,TAGA
9914292,FAIRCHEM FYNBOS
9914632,
9914656,
9914682,PROTEUS REBECCA
9915090,SAAM FSU
9915806,
9915894,SHAOLIN
9915911,KUNLUN
9915947,HEDDA KNUTSEN
9916135,HERCULES STAR
9916185,NAVE CELESTEТип судна: Танкер для перевозки сырой нефти (Crude Oil Tanker / VLCC)
9916836,RABDAN
9917567,SM GOLDEN EAGLE
9917579,
9917854,
9917878,YAQUT
9917957,WHITE PEARL
9918004,PYOTR KAPITSAТип судна: LNG танкер (LNG Tanker)
9918016,LEV LANDAUIMO номер: 9918016
9918171,STL YANGTZE
9919151,SAKURA VOYAGER
9919175,GAS BLUEBONNET
9919333,GINGA GRUTTO (ранее FAIRCHEM GRUTTO)
9919577,PS NEW ORLEANS
9919814,
9919838,GASCHEM ILIAD
9920693,SEA AMETHYST
9920708,SEA CORAL
9921075,NORDIC HUNTERIMO номер: 9921075
9922108,SEA ONYX
9922213,SAPET GAS
9922782,HUMORISTIMO номер: 9922782
9922823,AQUAFREEDOMТип судна: Танкер для перевозки сырой нефти (Suezmax Crude Oil Tanker)
9922835,AQUABLISS
9923009,ALFIOS I
9923097,BAYNOUNAHТип судна: Газовоз (LPG Tanker / VLGC)
9923449,PROTEUS TRACY
9923451,PROTEUS ELSIE
9923475,PROTEUS RONG NA
9923487,YIANNIS LATSIS
9923750,
9924003,AMALIA M
9924326,KRITI FUTUREIMO номер: 9924326
9924510,HYUNDAI ULSAN 3257
9924716,ORIENTAL GERBERA
9925136,AQUAHONOR
9925875,BUNGO CROWN
9927201,
9927964,TENSHO
9928011,HABSHAN
9928023,ARZANAH
9929651,C. EARNEST
9930117,ALTHEA
9930789,MARIA A.ANGELICOUSSIS
9930791,MARAN DANAE
9930923,
9931343,G.HOPE
9932402,
9932581,KAEDE
9933509,HENBIT
9933561,ADVANTAGE VITAL
9933602,EAGLE VELLORE
9933614,EAGLE VENTURA
9933640,(Согласно IMO 9933640) — APOLLON
9933664,FRONT ORKLAТип судна: Нефтяной танкер (VLCC — Very Large Crude Carrier)
9933767,DANUBE RIVERIMO номер: 9933767
9934149,
9934319,POPI P
9934644,GREEN AZURE
9934670,
9934826,
9935507,ENEOS WISDOM
9935648,SEA GALAXYIMO номер: 9935648
9935909,LARGO EDENТип судна: Танкер-химовоз / продуктовоз (Chemical/Oil Products Tanker)
9935923,LARGO EXCELLENCE
9937062,PERTAMINA GAS CASPIA
9938004,CHEM BROADWAY
9938585,HLS CITRINE
9939163,ALHAYA
9939577,AUGENSTERN
9939606,
9939620,REDAMANCYТип судна: Танкер для перевозки химических грузов и нефтепродуктов (Chemical/Oil Products Tanker / MR2)
9939632,TROUVAILLE
9939993,SOUTHERN BELUGA
9940382,JIAN HANG AN DA
9940435,CERRO ALTO EXPLORER
9940459,
9940966,BOTAN
9940992,
9941013,HLS BILBAO
9941283,IKIGAI
9941673,HELIOS
9941714,DF MONTMARTRE
9941726,PENELOPE
9941855,BRUGGE
9941910,MULBERRY EXPRESS
9943126,HOSEI MARU NO.7
9943322,CL EMILY BRONTE
9943346,CL AGATHA CHRISTIEIMO номер: 9943346
9943360,CL GEORGE ELIOT
9943384,CL TONI MORRISON
9943396,
9943475,CLEAN RESOLUTIONТип судна: Газовоз для перевозки сжиженного природного газа (LNG Tanker / Large)
9943841,AMORE MIO I
9943853,AXIOS II
9944132,"NORD VIRAGEТип судна: Танкер-химовоз / нефтеналивной танкер (Chemical/Oil Products Tanker, MR-танкер)"
9945289,SEA STAR
9945291,ELANDRA SWALLOW
9945435,CELSIUS GENEVA
9945447,CELSIUS GIZA
9946300,
9946374,GORDON WATERS KNUTSEN
9946398,IGNACY LUKASIEWICZ
9946465,HAFNIA LARVIK
9947598,PUTERI LEDANG
9947639,VANTAGE LNG (Correction: Реестровое имя — LNG INDUS)
9947861,WOO HWANG
9947964,ENERGY ACHILLES
9948293,DAT VENUS
9948700,
9952115,STENA IMPRESSIVE
9952610,MARINA M
9952622,CHANG LONG 51
9952983,BELLA TORTUM ST (ранее фигурировало в системе как HYUNDAI MIPO 8417)
9953248,
9953262,HLAITAN
9953418,AGISILAOSIMO номер: 9953418
9953432,
9953444,ANIKITOS
9953901,NEW ALLIANCEТип судна: Танкер для сырой нефти (Crude Oil Tanker / Aframax)
9954199,
9956006,SEAHORSE 1
9956408,MARAN GAS KASTELORIZO
9957751,DONG GUI 18
9957892,ENEOS MIRAI
9958262,
9958274,SOBAEK EXPLORERIMO номер: 9958274
9958298,NORTH LIGHT
9958315,NORTH OCEAN
9958391,GAS AMETHYST
9958640,
9958688,GAS INNOVATOR
9958999,CELSIUS GALWAY
9959929,
9960306,PEREGRINE PACIFIC
9960590,VENTURE CREOLEIMO номер: 9960590
9960980,NOUNOU
9961398,MARAN GAS SYROS
9961477,GREENERGY OCEAN
9961506,GREENERGY MOON
9961518,GREENERGY WINDТип судна: Газовоз СПГ (LNG Tanker)
9962421,WOODSIDE JIRRUBAKURA
9962433,WOODSIDE BARRUMBARA
9963815,ROTMISTRZ WITOLD PILECKI
9963827,MARAN GAS ANTIPAROS
9964182,
9964558,GAS HUANGHEТип судна: Газовоз (LPG Tanker)
9964584,MEIKOU MARU
9965710,PACIFIC SP MINERVAТип судна: Газовоз СУГ (LPG Tanker)
9967249,BANTRY BAYТип судна: Танкер-химовоз / продуктовоз (Chemical/Oil Products Tanker)
9967328,CLEAN MISTRAL
9967897,ARCTIC TERN
9968413,YUN DING 19
9969376,ENEOS GLORY
9969845,GAS VELA
9970363,KALK BAY
9970519,THUN RELIANCE
9970569,VENTURE PELICAN
9970612,BONITA ANGELAIMO номер: 9970612
9970674,VANTAGE LNG
9970686,HARMONIC BREEZE
9970698,LIBERTY PATHFINDER
9971707,NAVE COSMOSТип судна: Нефтяной танкер / Танкер-продуктовоз (Aframax / LR2)
9971733,NAVE NEUTRINOТип судна: Нефтяной танкер (Aframax / LR2)
9972218,AMARYLLIS KNUTSEN
9972359,HL ALYSSA WARNER
9972361,HL EDWARD AUSTIN
9973640,METRO AEGEAN
9973652,METRO IONIANТип судна: Нефтяной танкер / Танкер-продуктовоз (Aframax / LR2)
9973676,AQUA RAY
9973901,NAVIG8 EXCEL
9974151,PUTERI PERAK
9974591,KAYOH
9974606,LAKE MODRO
9974747,GAS CAMELLIA
9974759,GAS JESSAMINE
9975325,ARCHIMIDISIMO номер: 9975325
9975337,AGAMEMNON
9975519,GASLOG RIVIERA
9975533,PUTERI SARAWAK
9976135,KOOL TIGERТип судна: Газовоз для перевозки сжиженного природного газа (LNG Tanker)
9976147,GAIL SAGAR
9976874,NAVIG8 EXPRESS
9977244,UMM AL HOULТип судна: Газовоз для перевозки сжиженного природного газа (LNG Tanker / Large)
9977268,LESHATT
9977270,AL SAILIYA
9977282,SIMSIMAH
9977309,AL NAAMAHТип судна: Газовоз СПГ (LNG Tanker)
9977311,UMM AL ZUBAR
9977323,UMM HEESH
9977335,UMM AL SHUBRUM
9978339,SFL TAURUS
9978676,NORTH STAR
9978688,OCEAN STAR
9978690,ARCTIC STAR
9978781,CRYSTAL EXPLORERТип судна: Газовоз (LPG/Ammonia Carrier)
9979448,MARATHO
9979761,OCEAN INSPIRATION
9979993,SEATRUST
9980007,SEABORN
9980320,FURE VISKARIMO номер: 9980320
9980485,DONG BAI
9980497,BI WU
9980540,ELISA ARDEA
9980552,ELISA HALCYON
9981374,WADI AL SAIL
9981386,AL ZORE
9981398,AL FAT'H
9981415,UMM WISHAH
9981427,AL NIGYAN
9981465,KOMODO PARK
9981477,TOUBKAL PARKIMO номер: 9981477
9981518,SHRA'OUH
9981520,HALWAN
9981532,AL THUMAID
9983956,FURE VYL
9984716,KEFALONIA GAS (ранее NAUTILUS)
9984883,OSLO STAR
9984962,XIANG HONG 69
9985825,NORD VALHALLA
9985992,EVA PEARL
9986049,
9986063,BU NAKHLAH
9986116,SHAFALLAH
9986609,AL TUWAR
9986611,AL MASHABIYYAH
9986817,
9986829,NEW ARGOSY
9987031,AIOLOSIMO номер: 9987031
9987744,BETELGEUSE
9987768,MINTAKA
9988621,THUN RESOLVE
9988700,CELSIUS GREENLANDТип судна: Газовоз для перевозки СПГ (LNG Tanker)
9989376,KOUAN MARU
9989558,CHANG LONG 75
9989560,XT PROSPERITY
9990155,SUPREME 01
9990533,PACIFIC INEOS MIO
9990557,PACIFIC INEOS HAFRA
9991915,SERI DIAN
9991927,SEASHINE
9991939,AL THURAYYA
9992220,PARTHENON LNG
9992232,OLYMPUS LNG
9992244,FRONTIER LNG
9992880,MUSCAT
9994034,CLEAN RIO GRANDE
9994046,NEW FRONTIER 2
9994709,UM YOSHINO
9994931,DING HENG 31
9995442,MUSTANG
9995727,ALCAIOS I
9995739,ANTAIOS I
9996020,ATLANTIC VOYAGER
9997177,CRYSTAL ODYSSEY
9997218,MH DAISEN
9997971,SEADANCERIMO номер: 9997971
9998547,TORTUGA
9998559,ZUMA
9999632,ADVANTAGE SIERRA
