imo,vessel_name,dwt_tons,flag,vessel_type
9648714,PRELUDE,394330.0,Австралия,"Плавучая установка для добычи, сжижения и хранения природного газа (FLNG / Offshore Support Vessel - HAZ-A)"
9930806,MARAN DIONE,320916.0,Греция (Greece) — европейский суверенный «белый» судовой реестр,Сверхкрупный танкер для перевозки сырой нефти (VLCC — Very Large Crude Carrier / Dual-Fuel LNG option)
9937127,MARITIME 7127,317053.0,Греция,Crude Oil Tanker (VLCC)
9262211,ATLAS 2211,317053.0,Греция,Crude Oil Tanker (VLCC)
9251274,MARITIME 1274,317053.0,Греция,Crude Oil Tanker (VLCC)
9727194,COSWISDOM LAKE,308019.0,Гонконг,Нефтяной танкер класса VLCC (Very Large Crude Carrier)
9928645,HELLAS FOS,299999.0,Греция (Greece) — европейский суверенный «белый» судовой реестр,Сверхкрупный танкер для перевозки сырой нефти (VLCC — Very Large Crude Carrier / Dual-Fuel LNG option)
9928023,ARZANAH,299425.0,Либерия,"Супертанкер (VLCC — Very Large Crude Carrier), оснащен двухтопливными двигателями (LNG-ready)"
9723679,MARITIME JEWEL,299364.0,Камерун,Crude Oil Tanker
9862346,PEARL LNG,172700.0,Мальта,LNG Tanker (Газовоз СПГ)
9321732,MILAHA QATAR,172100.0,Мальта,Танкер для сжиженного природного газа (LNG Tanker).
9397327,AL KHARAITIYAT,172050.0,MARSHALL ISLANDS,LNG Tanker (Танкер для перевозки сжиженного природного газа)
9948695,ENERGY ENDURANCE,171350.0,MARSHALL ISLANDS,LNG Tanker (Танкер для перевозки сжиженного природного газа)
9636723,KITA LNG,170050.0,Мальта,Танкер для перевозки сжиженного природного газа (LNG Tanker)
9762273,FLEX ENTERPRISE,169950.0,MARSHALL ISLANDS,LNG Tanker (Танкер СПГ).
1045112,NGUYA FLNG,168967.0,Либерия,Плавучий завод по сжижению природного газа / FLNG (Floating Liquefied Natural Gas / Offshore Support Vessel)
9750256,ARCTIC 0256,168800.0,Гонконг [HK],LNG Tanker (Танкер-газовоз)
9074640,AL HAMRA,168150.0,Либерия,Газовоз (LNG Tanker).
9388821,AL SAMRIYA,167300.0,МАРШАЛЛОВЫ ОСТРОВА,LNG Tanker (Танкер для перевозки сжиженного природного газа)
9333618,COOL ROVER,167100.0,МАЛЬТА,LNG Tanker (Танкер для перевозки сжиженного природного газа)
9431214,ZARGA,167000.0,Маршалловы Острова,Танкер для перевозки сжиженного природного газа (LNG Tanker)
9360855,AL SAHLA,166550.0,MARSHALL ISLANDS,LNG Tanker (Танкер для перевозки СПГ / класс Q-Flex)
9750232,GAS 0232,165350.0,Гонконг [HK],LNG Tanker (Танкер-газовоз)
9621077,PACIFIC ARCADIA,164550.0,БАГАМСКИЕ ОСТРОВА,LNG Tanker (Танкер для перевозки сжиженного природного газа)
9325685,AL MARROUNA,161150.0,Багамские Острова,Газовоз (LNG Tanker)
9250713,DISHA,160850.0,MALTA,LNG Tanker (Танкер для перевозки сжиженного природного газа)
9953509,BURAN,160350.0,Россия,Танкер-газовоз (LNG Tanker)
9388833,BU SAMRA,159750.0,Marshall Islands,LNG Tanker (Танкер для перевозки сжиженного природного газа)
9965435,ENERGY 5435,159400.0,Либерия [LR],LNG Tanker (Танкер-газовоз)
9972373,HL SEA EAGLE,158200.0,LIBERIA,LNG Tanker (Танкер для перевозки сжиженного природного газа).
1023425,OCEAN 3425,157930.0,Маршалловы Острова,LNG Tanker / LNGC
9210828,ENERGY 0828,154100.0,Либерия,LNG Tanker (Танкер для перевозки сжиженного природного газа)
9325697,AL AREESH,153000.0,БАГАМСКИЕ ОСТРОВА,LNG Tanker (Танкер для перевозки сжиженного природного газа)
9980540,ELISA ARDEA,152600.0,ФРАНЦИЯ,LNG Tanker (Танкер для перевозки сжиженного природного газа)
9917567,SM GOLDEN EAGLE,151850.0,ПАНАМА,LNG Tanker (Танкер для перевозки сжиженного природного газа)
9904209,ENERGY 4209,146950.0,Норвегия [NO],LNG Tanker (Танкер-газовоз)
9317200,NORTH PIONEER,146100.0,ЯПОНИЯ,LNG Tanker (Танкер для перевозки сжиженного природного газа)
9888481,PRISM COURAGE,145550.0,PANAMA,Tanker / LNG Tanker (Танкер для перевозки сжиженного природного газа)
9873852,BW HELIOS,145250.0,СИНГАПУР,LNG Tanker (Танкер для перевозки сжиженного природного газа)
5233573,LNG JAMAL,144900.0,Япония,LNG Tanker (Танкер для перевозки сжиженного природного газа)
9981427,AL NIGYAN,144300.0,ФРАНЦИЯ,LNG Tanker (Танкер для перевозки сжиженного природного газа / газовоз)
9690145,LNG FINIMA II,143900.0,Бермудские острова,LNG Tanker (Специализированный газовоз для перевозки СПГ)
9864667,VIVIT AMERICAS LNG,143150.0,Мальта,LNG Tanker (Газовоз СПГ)
9962421,WOODSIDE JIRRUBAKURA,140350.0,БЕРМУДСКИЕ ОСТРОВА,LNG Tanker (Танкер для перевозки сжиженного природного газа)
9986635,MIHZEM,137850.0,SINGAPORE,LNG Tanker (Танкер для перевозки сжиженного природного газа)
9397303,MEKAINES,136740.0,МАРШАЛЛОВЫ ОСТРОВА,LNG Carrier (Танкер для перевозки сжиженного природного газа)
9377547,ASEEM,135800.0,Мальта,LNG Tanker (Танкер для перевозки сжиженного природного газа)
9862918,ARISTARCHOS,133400.0,GREECE,LNG Tanker (Танкер для перевозки сжиженного природного газа)
9969388,IGNACY JAN PADEREWSKI,132750.0,FRANCE,LNG Tanker (Танкер для перевозки сжиженного природного газа).
9834296,LNG DUBHE,132700.0,HONG KONG,LNG Tanker (Танкер для перевозки сжиженного природного газа)
9945435,CELSIUS GENEVA,132450.0,МАРШАЛЛОВЫ ОСТРОВА,LNG Tanker (Танкер для перевозки сжиженного природного газа)
9904704,KONSTANTIN POSIET,131050.0,РОССИЯ,LNG Tanker (Танкер для перевозки сжиженного природного газа)
9397315,AL MAFYAR,130441.0,МАРШАЛЛОВЫ ОСТРОВА,LNG Tanker (Танкер для перевозки сжиженного природного газа)
9443413,RASHEEDA,130208.0,Маршалловы Острова,"СПГ-танкер (LNG Tanker, Q-Max)"
9418365,SHAGRA,130102.0,Маршалловы Острова,"СПГ-танкер (LNG Tanker, Q-Max)"
9337755,MOZAH,130102.0,Маршалловы Острова,"СПГ-танкер (LNG Tanker, Q-Max)"
9360843,AL SHEEHAN,127500.0,Маршалловы Острова,Танкер для перевозки сжиженного природного газа (LNG Tanker)
9994046,NEW FRONTIER 2,126150.0,СИНГАПУР,LNG Tanker (Танкер для перевозки сжиженного природного газа / Бункеровщик ЛНГ)
9086734,AL RAYYAN,124900.0,MARSHALL ISLANDS,LNG Tanker (Танкер для перевозки сжиженного природного газа)
9397339,AL REKAYYAT,124700.0,MARSHALL ISLANDS,LNG Tanker (Танкер для перевозки сжиженного природного газа)
9974606,LAKE MODRO,124350.0,БАГАМСКИЕ ОСТРОВА,LNG Tanker (Танкер для перевозки сжиженного природного газа)
9373008,K.JASMINE,124150.0,ПАНАМА,LNG Tanker (Танкер для перевозки сжиженного природного газа)
9957737,APOSTOLOSIMO: 9957737,122250.0,"Либерия Габариты: Длина (LOA) — 299 м, ширина — 46.43 м 2. Оперативные данные (Контрольный блок)Навигационный статус: At anchor (На якоре) Локация: Район порта Фрипорт, США (Мексиканский залив) Скорость (Speed): 0.1 узла Осадка (Draught): 9.3 м Актуальность: Данные получены 7 июня 2026 года3. Анализ параметровАнализ состояния: Судно находится на якорной стоянке в районе порта Фрипорт, США, после завершения перехода.Операционная активность: Последний заход в порт был зафиксирован 30 мая 2026 года. Текущий статус ""At anchor"" указывает на ожидание очереди на постановку к терминалу. 4. Риск-профильСанкции: Не числится в санкционных списках.Оператор: Современное судно (год постройки — 2024), специализирующееся на перевозках СПГ. Заключение: Объект классифицируется как «Активен / Коммерческий энергетический транспорт». Судно выполняет плановую логистическую деятельность. Риск взаимодействия оценивается как низкий",LNG Tanker (Танкер для перевозки сжиженного природного газа)
9360790,AL ORAIQ,122079.0,Маршалловы Острова,Танкер для перевозки сжиженного природного газа / LNG Carrier (Q-Flex)
9431123,AL KARAANA,122052.0,Маршалловы Острова (Marshall Islands) — первоклассный «белый» судовой реестр,Танкер-газовоз СПГ (LNG Tanker — Q-Flex class)
9360831,"AL SHEEHANIYA.IMO номер: 9360831.Тип судна: LNG Tanker (газовоз для перевозки сжиженного природного газа).Год постройки: 2009 (17 лет).Флаг: Маршалловы Острова.Размерения: 315.00 м (длина) × 50.00 м (ширина).Дедвейт (DWT): 122 006 т.Валовая вместимость (GT): 136 980.2. Операционные показатели (на 16 июля 2026 г.)Текущий навигационный статус: На якорной стоянке / в режиме ожидания (основано на данных AIS).История заходов: Интенсивная эксплуатация на глобальных маршрутах (включая порты Катара, Индии, Китая и Южной Кореи). Последние значимые портовые операции зафиксированы в Мумбаи, Индия.Текущее состояние: Судно находится в активной эксплуатации, используется для транспортировки СПГ в рамках долгосрочных контрактов.3. Комплаенс-профильОператор: Nakilat (Qatar Gas Transport Company) — ведущий мировой оператор в сфере транспортировки СПГ. Судно находится в управлении дочерней структуры NSQL (Nakilat Shipping Qatar Ltd). Статус: НИЗКИЙ РИСК.Санкционный статус: Судно не числится в санкционных списках (OFAC, ЕС, Великобритания).Анализ: AL SHEEHANIYA является абсолютно прозрачным промышленным активом. Судно принадлежит крупнейшей государственной транспортной компании Катара (Nakilat) и обслуживает стратегические энергетические цепочки поставок. Паттерны поведения судна полностью соответствуют статусу легитимного коммерческого актива мирового уровня.4. РезюмеAL SHEEHANIYA (IMO 9360831) — это первоклассный газовоз, входящий в состав флота государственной компании Nakilat. Актив является «Белым списком». Комплаенс-риски при взаимодействии отсутствуют; эксплуатация судна соответствует самым высоким международным стандартам безопасности и регуляторной прозрачности",122006.0,Маршалловы Острова,LNG Tanker (газовоз для перевозки сжиженного природного газа).
9337963,AL SAFLIYA,121963.0,Багамские Острова,"Танкер для перевозки сжиженного природного газа (LNG Tanker, Q-Flex)"
9397353,ONAIZA,121939.0,Маршалловы острова,Газовоз (LNG Tanker / Q-Flex LNG)
9338266,AL AAMRIYA,121935.0,Маршалловы Острова,Танкер для перевозки сжиженного природного газа / СПГ-газовоз (LNG Tanker / Q-Flex)
9360817,FRAIHA,121914.0,Маршалловы Острова,"Танкер для перевозки сжиженного природного газа (LNG Tanker, Q-Flex)"
9397341,AL SADD,121913.0,Маршалловы острова,Газовоз (LNG Tanker / Q-Flex LNG)
9337951,AL RUWAIS (ранее также упоминается как Alexandra),121823.0,Багамские Острова,"Танкер для перевозки сжиженного природного газа / СПГ-газовоз (LNG Tanker / Q-Flex, классификация HAZ-D)"
9337975,DUHAIL,121639.0,Багамские острова,Газовоз для перевозки сжиженного природного газа (LNG Tanker / Q-Flex)
9965423,GAS 5423,119850.0,Либерия [LR],LNG Tanker (Танкер-газовоз)
9200316,LNG JAMAL,119850.0,Япония,LNG Tanker (Танкер для перевозки сжиженного природного газа)
9211872,PACIFIC 1872,118050.0,Малайзия,LNG Tanker (Танкер для перевозки сжиженного природного газа)
9748899,AZURE 8899,116450.0,Бермудские острова [BERMUDA],LNG Tanker (Газовоз СПГ)
9307190,ENERGY 7190,116300.0,Индонезия,LNG Tanker (Танкер для перевозки сжиженного природного газа)
9213416,AZURE 3416,116200.0,Либерия,LNG Tanker (Танкер для перевозки сжиженного природного газа)
9626273,GASLOG SYDNEY,115800.0,БЕРМУДСКИЕ ОСТРОВА,LNG Tanker (Танкер для перевозки сжиженного природного газа)
9976927,LEBRETHAH,115250.0,LIBERIA,LNG Tanker (Танкер для перевозки сжиженного природного газа)
9801524,VESSEL 1524,114674.0,Багамские острова,LNG Tanker / LNGC
9337717,AL GHARRAFA,113861.0,Оман,Судно для перевозки сжиженного природного газа / Газовоз СПГ (LNG Tanker - HAZ-D)
9360867,AL UTOURIYA,113609.0,Маршалловы Острова,Газовоз (LNG Tanker)
9337705,AL GATTARA,113590.0,Оман,Судно для перевозки сжиженного природного газа / Газовоз СПГ (LNG Tanker)
9795062,EAGLE BRASILIA,113416.0,Сингапур,"Танкер для перевозки сырой нефти (Aframax / LR2, LNG Dual-Fuel)"
9554729,AKEBONO MARU,111500.0,ЯПОНИЯ,LNG Tanker (Танкер для перевозки сжиженного природного газа)
9207039,PACIFIC 7039,110850.0,США,Crude Oil Tanker (Танкер для сырой нефти)
9923437,PROTEUS BOHEMIA,109999.0,Сингапур,Танкер для сырой нефти / Продуктовоз класса Aframax / LR2 (Crude Oil Tanker / LNG dual-fuel)
9360893,AL SHAMAL,109662.0,Багамские острова,Газовоз (LNG Tanker / Q-Flex LNG)
9360881,AL KHARSAAH,109484.0,Багамские острова,Газовоз для перевозки сжиженного природного газа (LNG Tanker / Q-Flex)
9477593,RIBERA DEL DUERO KNUTSEN,108200.0,Норвегия,LNG Tanker (Танкер для перевозки сжиженного природного газа)
9970569,VENTURE PELICAN,107840.0,Маршалловы Острова,Танкер для перевозки сжиженного природного газа (LNG Tanker)
9886732,CLEAN CAJUNТип судна: Газовоз для перевозки СПГ (LNG Tanker),107662.0,Мальта IMO номер: 9886732 Год постройки: 2022,Газовоз для перевозки СПГ (LNG Tanker)
9943504,CLEAN FUTURE,107661.0,Мальта,LNG Tanker
1013494,SEA ENERGY,107650.0,ГОНКОНГ,LNG Tanker (Танкер для перевозки сжиженного природного газа)
9943475,CLEAN RESOLUTIONТип судна: Газовоз для перевозки сжиженного природного газа (LNG Tanker / Large),107573.0,Мальта IMO номер: 9943475 Год постройки: 2023,Газовоз для перевозки сжиженного природного газа (LNG Tanker / Large)
9994008,AZURE 4008,107544.0,Мальта,Танкер для перевозки сжиженного природного газа (LNG Tanker).
9994034,CLEAN RIO GRANDE,107499.0,Мальта,Газовоз (LNG Tanker)
9967342,CLEAN SIROCCO,107398.0,Мальта,Судно для перевозки сжиженного природного газа / Газовоз (LNG Tanker)
9967328,CLEAN MISTRAL,107386.0,Мальта,Газовоз (LNG Tanker / Large)
9372963,LNG KOLT,106200.0,PANAMA,LNG Tanker (Танкер для перевозки сжиженного природного газа).
9074638,MRAWEH,105250.0,ЛИБЕРИЯ,LNG Tanker (Танкер для перевозки сжиженного природного газа)
9759252,MARVEL PELICAN,104950.0,PANAMA,LNG Tanker (Танкер для перевозки сжиженного природного газа)
9253703,RAAHI,104900.0,МАЛЬТА,LNG Tanker (Танкер для перевозки сжиженного природного газа)
9383900,BW ENN CRYSTAL SKY,100800.0,Сингапур,Танкер для перевозки сжиженного природного газа (LNG Tanker)
9413327,BW CLEAR SKY,100395.0,Сингапур,Судно для перевозки сжиженного природного газа / LNG Tanker
9401295,ENERGY 1295,100121.0,Испания,"СПГ-танкер (LNG Tanker, Membrane Type)"
9613135,PAPUA,100030.0,Гонконг,"СПГ-танкер (LNG Tanker, Membrane Type)"
9414632,SEVILLA KNUTSEN,100002.0,Испания,Газовоз (LNG Tanker / Moss-type)
9918016,LEV LANDAUIMO номер: 9918016,99824.0,Панама,"Танкер для перевозки сжиженного природного газа (LNG Tanker, Large)"
9918004,PYOTR KAPITSAТип судна: LNG танкер (LNG Tanker),99824.0,Панама IMO номер: 9918004 Год постройки: 2026,LNG танкер (LNG Tanker)
9200926,LION II,99650.0,Данные в системе отсутствуют,Crude Oil Tanker (Танкер для сырой нефти)
9200859,ANNECY,99500.0,Панама,Oil Products Tanker (Танкер для нефтепродуктов)
9337729,MESAIMEER,99300.0,MARSHALL ISLANDS,LNG Tanker (Танкер для перевозки сжиженного природного газа)
9692014,LNG LAGOS II,99025.0,Бермудские острова,Танкер для перевозки сжиженного природного газа (LNG Tanker)
9771913,LNG SCHNEEWEISSCHEN,98747.0,Панама,СПГ-танкер (LNG Carrier)
9877145,GAIL BHUWAN,98396.0,Кипр,Газовоз для перевозки СПГ (LNG Tanker)
9761841,AZURE 1841,98344.0,Панама,LNG Tanker (танкер для перевозки сжиженного природного газа).
9761827,SM EAGLE,97975.0,Панама,"Танкер для перевозки сжиженного природного газа (LNG Tanker, Large)"
9796793,BUSHU MARU,97955.0,Багамские острова,Газовоз (LNG Tanker)
9774628,ATLAS 4628,97917.0,Багамские Острова,LNG Tanker / LNGC
1018676,CELSIUS GEORGETOWN,97552.0,Маршалловы Острова,Газовоз (LNG Tanker / Large)
9810549,PRISM AGILITY,97494.0,Панама,Газовоз (LNG Tanker)
9768368,MARITIME 8368,96958.0,"Кипр (CY). Габариты: Длина (LOA) 299.00 м, ширина 50.00 м. Тоннаж:",LNG Tanker / LNGC
9200835,DENNIE,96900.0,Сан-Марино,Crude Oil Tanker (Танкер для сырой нефти)
9768382,PACIFIC 8382,96847.0,Кипр,LNG Tanker / LNGC
9750701,VESSEL 0701,96844.0,Гонконг (HK),LNG Tanker / LNGC
9750737,VLADIMIR VORONIN,96840.0,Багамские острова,"Танкер для перевозки сжиженного природного газа (LNG Tanker, Ice Class Arc7)"
9768370,OCEAN 8370,96839.0,Кипр,LNG Tanker / LNGC
9750672,YAKOV GAKKEL,96839.0,Багамские острова,"Танкер для перевозки сжиженного природного газа (LNG Tanker, Ice Class Arc7)"
9750725,NIKOLAY YEVGENOV,96821.0,Багамские острова,"Танкер для перевозки сжиженного природного газа (LNG Tanker, Ice Class Arc7)"
9750749,GEORGIY USHAKOV,96796.0,Багамские острова,"Газовоз (LNG Tanker, ледовый класс ARC7)"
9750713,OCEAN 0713,96703.0,Багамские острова,LNG Tanker / LNGC
9360908,AL KHUWAIR,96550.0,Багамские острова,Танкер для перевозки сжиженного природного газа (LNG Tanker)
9434266,VALENCIA KNUTSEN,96450.0,ИСПАНИЯ,LNG Tanker (Танкер для перевозки сжиженного природного газа)
9831220,ADRIANO KNUTSEN,96354.0,Норвегия,Газовоз (LNG Tanker)
9854765,MARITIME 4765,96354.0,Норвегия,LNG Tanker / LNGC
9018555,HYUNDAI UTOPIA,96350.0,РЕСПУБЛИКА КОРЕЯ,LNG Tanker (Танкер для перевозки сжиженного природного газа)
9613161,KUMUL,96311.0,Гонконг,"СПГ-танкер (LNG Tanker, Membrane Type)"
9958640,GAS 8640,96300.0,HONG KONG,LNG Tanker.
1018688,ZHAOSHANG 28202 (ранее обозначалось в судостроительных документах как CHINA MERCHANTS JIANGSU CMHI-282-02),96000.0,"Китай (ранее планировалась регистрация под флагом Сингапура) Год постройки: 2026 Габариты: Длина — 299 м, ширина — 48 м,",LNG Tanker (Танкер для перевозки сжиженного природного газа)
9926908,NEW BRAVE,95819.0,Либерия,Танкер для перевозки сжиженного природного газа / LNG Carrier (Large)
9917579,OCEAN 7579,95817.0,Панама,LNG Tanker / LNGC
9947627,ORION HUGO,95751.0,Либерия,Танкер для перевозки СПГ (LNG Tanker)
9926922,ORION SINEAD,95749.0,Франция (France Flag) — первый французский международный реестр,Судно для перевозки сжиженного природного газа (LNG Carrier / HAZ-D)
9947500,NEW GREEN,95746.0,Либерия,Газовоз / LNG Tanker
9785158,KINISIS,95673.0,Либерия,Газовоз (LNG Tanker / Large)
9902914,SM BLUEBIRD,95641.0,Панама,Газовоз (LNG Tanker)
9672832,CESI QINGDAO,95641.0,Гонконг,Газовоз (LNG Tanker)
9672820,CESI GLADSTONE,95634.0,Гонконг,Газовоз (LNG Tanker)
9902902,SM ALBATROSS,95606.0,Панама,Газовоз (LNG Tanker / Large)
9672844,CESI BEIHAI,95599.0,"Гонконг, Китай",Газовоз для перевозки СПГ / LNG Tanker (HAZ-D)
9946350,PARIS KNUTSEN,95548.0,Франция,LNG Tanker (Танкер для перевозки сжиженного природного газа)
9918157,EXTREMADURA KNUTSEN,95548.0,Франция (France) — суверенный европейский реестр «белого списка»,Танкер-газовоз СПГ (LNG Carrier)
9918145,FERROL KNUTSEN,95548.0,Франция,LNG Tanker (газовоз)
9694751,CESI WENZHOU,95530.0,Гонконг,Судно для перевозки сжиженного природного газа / LNG Tanker (категория HAZ-D)
9946374,GORDON WATERS KNUTSEN,95501.0,Франция,Газовоз для перевозки СПГ (LNG Tanker)
9972218,AMARYLLIS KNUTSEN,95501.0,Франция,Газовоз (LNG Tanker)
9862308,FLEX FREEDOM,95488.0,Маршалловы Острова,LNG Tanker (танкер для перевозки СПГ)
9851646,FLEX RESOLUTEТип судна: Газовоз для перевозки сжиженного природного газа (LNG Tanker / Large),95456.0,Маршалловы острова IMO номер: 9851646 Год постройки: 2020,Газовоз для перевозки сжиженного природного газа (LNG Tanker / Large)
9825427,FLEX CONSTELLATION,95453.0,Маршалловы Острова,"СПГ-танкер (LNG Tanker, Membrane Type — MEGI)"
9681687,MARITIME 1687,95452.0,Багамские Острова,LNG Tanker / LNGC
9705641,MUREX,95452.0,Багамские Острова,Газовоз / Танкер для перевозки сжиженного природного газа (LNG Tanker)
9770945,MEGARA,95452.0,Багамские Острова (Bahamas) — международный белый реестр,Танкер для перевозки сжиженного природного газа (LNG Tanker / Gas Carrier)
9851634,AZURE 1634,95450.0,Маршалловы Острова,"СПГ-танкер (LNG Tanker, Membrane Type — MEGI)"
9946398,IGNACY LUKASIEWICZ,95440.0,Франция,Танкер для перевозки СПГ (LNG Tanker)
9980552,ELISA HALCYON,95418.0,Франция,Газовоз (LNG Tanker / Large LNG Carrier)
9852975,ELISA LARUS,95418.0,Франция,LNG Tanker (танкер для перевозки СПГ)
9917543,PACIFIC 7543,95400.0,"Мальта (Malta). Судно зарегистрировано в одном из ведущих европейских открытых регистров, входящих в белый список Парижского меморандума.Габариты: Длина (LOA) — 299.00 м, ширина — 46.40 м (навигационная карта и интерфейс ИНС на image_4fadb8.jpg подтверждают конструктивную длину 299 метров).Тоннаж:",LNG Tanker / LNGC
9770933,MYRINA,95378.0,Багамские острова,Газовоз (LNG Tanker)
9771080,SEAPEAK BAHRAIN (ранее: BAHRAIN SPIRIT),95289.0,Бахрейн,Танкер-газовоз (LNG Tanker)
9705653,MACOMA,95253.0,Багамские Острова,Газовоз / LNG Tanker
9721401,PACIFIC 1401,95253.0,Сингапур,LNG Tanker / LNGC
9701229,PACIFIC 1229,95194.0,Греция,Танкер для перевозки сжиженного природного газа (LNG Tanker).
9732369,MARAN GAS VERGINA,95194.0,Греция,LNG Tanker (танкер для перевозки сжиженного природного газа)
9701217,OCEAN 1217,95194.0,Греция,LNG Tanker / LNGC
9732371,MARAN GAS OLYMPIAS,95194.0,Греция (Greece) — премиальный еврореестр,Танкер-газовоз СПГ (LNG Tanker)
9540089,ENERGY FIDELITYТип судна: Газовоз для перевозки СПГ (LNG Tanker),95165.0,Маршалловы острова (Marshall Islands) IMO номер: 9540089 Год постройки: 2023,Газовоз для перевозки СПГ (LNG Tanker)
9948700,OCEAN 8700,95165.0,Маршалловы Острова,LNG Tanker / LNGC
9884473,ELISA AQUILAIMO номер: 9884473,95132.0,Франция,Газовоз (LNG Tanker / Large)
9284192,ARCTIC LADY,95100.0,Норвегия,Танкер для перевозки сжиженного природного газа (LNG Tanker)
9970662,SEA NAVIGATOR,95029.0,"Гонконг, Китай (Hong Kong) — международный «белый» судовой реестр",Танкер-газовоз СПГ (LNG Tanker / HAZ-D)
9970650,SEA SPIRIT,95005.0,Гонконг,Газовоз (класс опасности HAZ-D) / LNG Tanker
9753014,MARAN GAS CHIOS,94945.0,Греция,Газовоз СПГ (LNG Tanker)
9767950,MARAN GAS SPETSES,94945.0,Греция,Газовоз / Крупнотоннажный газовоз (LNG Tanker)
9767962,MARAN GAS HYDRA,94945.0,Греция,Газовоз (LNG Tanker)
9753026,WOODSIDE CHANEY,94945.0,Греция,"СПГ-танкер (LNG Tanker, Membrane Type)"
9941013,HLS BILBAO,94927.0,Мальта,Газовоз (LNG Tanker / Large LNG Carrier)
9854363,MINERVA PSARA,94834.0,Мальта,"Газовоз СПГ (LNG Tanker, мембранного типа)"
9859741,GLOBAL STAR,94732.0,Маршалловы Острова,Крупнотоннажный газовоз СПГ / LNG Carrier (категория HAZ-A)
9844863,MARAN GAS PSARA,94732.0,Греция,LNG Tanker
9859753,WOODSIDE CHARLES ALLENТип судна: Газовоз для перевозки СПГ (LNG Tanker),94732.0,Греция IMO номер: 9859753 Год постройки: 2020,Газовоз для перевозки СПГ (LNG Tanker)
9810367,WOODSIDE REES WITHERS,94732.0,Греция,"СПГ-танкер (LNG Tanker, Membrane Type)"
9336737,SEAPEAK METHANE,94700.0,БАГАМСКИЕ ОСТРОВА,LNG Tanker (Танкер для перевозки сжиженного природного газа)
9881201,ENERGY INTELLIGENCE,94649.0,Маршалловы острова,Газовоз (LNG Tanker)
9854624,ENERGY ENDEAVOUR,94649.0,Маршалловы Острова,Газовоз (LNG Tanker)
9859739,ENERGY INTEGRITY,94648.0,Мальта (Malta) — европейский белый реестр,Танкер для перевозки сжиженного природного газа (LNG Tanker / Gas Carrier)
9810379,MARAN GAS ANDROSIMO номер: 9810379,94638.0,Греция,Танкер для перевозки сжиженного природного газа (LNG Tanker)
9766554,BRITISH CONTRIBUTOR,94558.0,Остров Мэн,"Танкер для перевозки сжиженного природного газа (LNG Tanker, Large)"
9964182,ATLAS 4182,94540.0,Либерия,LNG Tanker / LNGC
9766578,BRITISH MENTOR,94528.0,Остров Мэн,LNG Tanker (танкер для перевозки сжиженного природного газа)
9766566,BRITISH LISTENER,94494.0,Остров Мэн / Великобритания (Isle of Man / United Kingdom Flag) — реестр категории Tier-1 «белого списка»,Танкер-газовоз СПГ (Large-Scale LNG Carrier / Tri-Fuel / M-type Electronically Controlled Gas Injection)
9766530,BRITISH PARTNER,94442.0,Остров Мэн,"Танкер для перевозки сжиженного природного газа (LNG Tanker, Large)"
9975521,PUTERI SABAH,94409.0,Либерия,Судно для перевозки сжиженного природного газа / LNG Tanker
9976109,PUTERI SELANGOR,94409.0,Либерия,Газовоз / LNG Tanker
9976111,PUTERI TERENGGANU,94409.0,Либерия (Liberia) — один из крупнейших международно признанных «белых» судовых реестров,Танкер-газовоз СПГ (LNG Carrier)
9766580,BRITISH SPONSOR,94360.0,Остров Мэн,"Танкер для перевозки сжиженного природного газа (LNG Tanker, Large)"
9986116,SHAFALLAH,94326.0,Либерия,Газовоз (LNG Tanker / Large LNG Carrier)
9986087,LNG 6087,94326.0,Либерия,Танкер для перевозки сжиженного природного газа (LNG Tanker).
9976939,AL KHARRARAH,94326.0,Либерия,Газовоз (LNG Tanker)
9986063,BU NAKHLAH,94326.0,Либерия,Газовоз (LNG Tanker / New Panamax)
9976915,PACIFIC 6915,94326.0,"Либерия. Габариты: Длина (LOA) 294.90 м, ширина (Beam) 46.40 м. Тоннаж:",LNG Tanker / LNGC
9986075,HASBAH,94325.0,Либерия,Газовоз / LNG Tanker
9766542,AZURE 6542,94303.0,Соединенное Королевство (Великобритания) / Остров Мэн,Газовоз (LNG Tanker)
9873840,BW LESMES,94167.0,Сингапур,"СПГ-танкер (LNG Tanker, Membrane Type)"
9269180,ENERGY ADVANCE,94150.0,ЯПОНИЯ,LNG Tanker (Танкер для перевозки сжиженного природного газа)
9779238,DIAMOND GAS ROSE,94145.0,Сингапур,"Танкер для перевозки сжиженного природного газа (LNG Tanker, Large)"
9960590,VENTURE CREOLEIMO номер: 9960590,94069.0,Либерия,Танкер для перевозки сжиженного природного газа (LNG Tanker)
9968932,BW NIVALIS,94068.0,Сингапур,Газовоз / Танкер для перевозки сжиженного природного газа (LNG Tanker)
9779226,DIAMOND GAS ORCHID,94028.0,Сингапур,"Танкер для перевозки сжиженного природного газа (LNG Tanker, Large)"
9896933,BW CASSIA,94000.0,Сингапур,Газовоз (LNG Tanker)
9896921,BW ENN SNOW LOTUS,93980.0,Сингапур,Танкер для перевозки сжиженного природного газа / LNG Carrier (HAZ-D)
9962433,WOODSIDE BARRUMBARA,93900.0,Бермудские Острова,Газовоз (LNG Tanker)
9961477,GREENERGY OCEAN,93876.0,Сингапур,Газовоз (LNG Tanker / СПГ-танкер)
9956953,MOL AZURE,93835.0,Маршалловы Острова,"Газовоз / Крупнотоннажный газовоз (LNG Tanker, категория HAZ-D)"
9947639,VANTAGE LNG (Correction: Реестровое имя — LNG INDUS),93800.0,Либерия,Газовоз (LNG Tanker / New Panamax)
9961506,GREENERGY MOON,93784.0,Сингапур,Газовоз для перевозки СПГ (LNG Tanker)
9961491,GREENERGY STAR,93777.0,Сингапур,Газовоз / LNG Tanker
9857365,FLEX AURORAIMO номер: 9857365,93775.0,Маршалловы Острова,"Танкер для перевозки сжиженного природного газа (LNG Tanker, Large)"
9957725,ASSOS,93771.0,Маршалловы Острова,LNG Tanker (Танкер для перевозки сжиженного природного газа)
9862475,FLEX VIGILANT,93764.0,Маршалловы острова,Газовоз (LNG Tanker)
9949027,GAIL URJA,93758.0,Маршалловы Острова,Газовоз / LNG Tanker
9943853,AXIOS II,93736.0,Бермудские острова,"Танкер для перевозки сжиженного природного газа (LNG Tanker, Large)"
9861031,COOL DISCOVERER,93668.0,Мальта,Газовоз (LNG Tanker / Large)
9862463,FLEX VOLUNTEER,93624.0,Маршалловы острова IMO номер: 9862463 Год постройки: 2021,Газовоз для перевозки сжиженного природного газа (LNG Tanker / Large)
9857377,FLEX AMBER,93624.0,Маршалловы Острова,Танкер для перевозки сжиженного природного газа (LNG Tanker)
9879698,ADAMASTOS,93566.0,Мальта,Газовоз (LNG Tanker)
9943841,AMORE MIO I,93541.0,Маршалловы Острова,Газовоз (LNG Tanker / HAZ-D)
9845776,AMBERJACK LNG,93535.0,Мальта,Танкер для перевозки СПГ (LNG Tanker)
9869306,COBIA LNG,93535.0,Мальта,Газовоз / LNG Tanker
9872949,PACIFIC 2949,93534.0,"Мальта (Malta). Актив зарегистрирован в одном из ведущих европейских открытых регистров, обеспечивающем высокие стандарты комплаенса и технического аудита",LNG Tanker / LNGC
9963449,MARVEL SWALLOW,93510.0,Маршалловы Острова,Газовоз / LNG Tanker
9962419,MARVEL PHOENIX,93417.0,Бермудские Острова,Судно для перевозки сжиженного природного газа / Танкер для газов HAZ-D (LNG Tanker / Large)
9947598,PUTERI LEDANG,93414.0,Маршалловы острова,Газовоз для перевозки СПГ (LNG Tanker)
9937969,PUTERI SEJINJANG,93414.0,Маршалловы Острова,LNG Tanker (Hazardous Category D)
9937957,PUTERI SANTUBONG,93414.0,Маршалловы Острова,Газовоз / LNG Tanker (HAZ-D)
9947615,PUTERI MAYANG,93414.0,Маршалловы Острова,LNG Tanker (танкер для перевозки сжиженного природного газа)
9629536,INDEPENDENCE,93372.0,Литва,Плавучая установка для хранения и регазификации / СПГ-танкер (FSRU / LNG Carrier)
9862906,ARISTIDIS I,93368.0,Мальта,Газовоз (LNG Tanker)
9884021,ASKLIPIOS,93352.0,Греция,"Танкер для перевозки сжиженного природного газа (LNG Tanker, Large)"
9600528,GASLOG SHANGHAI,93350.0,Бермуды,Газовоз (LNG Tanker)
9659725,MARIA ENERGY,93301.0,Либерия,Газовоз (LNG Tanker / СПГ-танкер)
9958298,NORTH LIGHT,93286.0,Сингапур,Танкер для перевозки сжиженного природного газа (LNG Tanker)
9654880,KOOL BOREAS,93286.0,Либерия,Газовоз / LNG Tanker (категория HAZ-D)
9742807,CASTILLO DE MERIDA,93241.0,Мальта,Газовоз для перевозки СПГ (LNG Tanker)
9761815,SK SPICA,93167.0,Неопределен,Газовоз (LNG Tanker)
9630028,"PERLE (бывшее название: PSKOV, PEARL)",93152.0,Оман,Газовоз (LNG Tanker)
9981374,WADI AL SAIL,93124.0,Франция,СПГ-танкер (LNG Tanker / HAZ-D)
9872987,HELLAS DIANA,93098.0,Мальта,Газовоз (LNG Tanker / Large)
9956408,MARAN GAS KASTELORIZO,93087.0,Греция,Газовоз (LNG Tanker)
9961398,MARAN GAS SYROS,93087.0,Греция,Газовоз (LNG Carrier — танкер для перевозки СПГ)
9963827,MARAN GAS ANTIPAROS,93087.0,Греция,Газовоз (LNG Tanker / Large)
9880477,GLOBAL SEALINEТип судна: Газовоз для перевозки СПГ (LNG Tanker),93080.0,Маршалловы острова (Marshall Islands) IMO номер: 9880477 Год постройки: 2022,Газовоз для перевозки СПГ (LNG Tanker)
9883742,MARAN GAS KALYMNOS,93080.0,Греция,Газовоз (LNG Tanker)
9880465,OCEAN 0465,93080.0,Маршалловы Острова,LNG Tanker / LNGC
9874820,VESSEL 4820,93080.0,Греция,LNG Tanker / LNGC
9853137,GASLOG WALESIMO номер: 9853137,93076.0,Бермудские острова,Газовоз (LNG Tanker)
9953248,ARCTIC 3248,93076.0,Либерия,Танкер для перевозки сжиженного природного газа (LNG Tanker)
9953250,UMM GHUWAILINA,93058.0,Либерия,Газовоз / LNG Tanker
9986623,FATH AL KHAIR,93043.0,Сингапур,Газовоз / LNG Tanker
9864746,KOOL FIRN,93026.0,Либерия,Газовоз (LNG Tanker)
9953262,HLAITAN,93025.0,Либерия,Газовоз для перевозки СПГ (LNG Tanker)
9961518,GREENERGY WINDТип судна: Газовоз СПГ (LNG Tanker),93000.0,Сингапур IMO номер: 9961518 Год постройки: 2026,Газовоз СПГ (LNG Tanker)
9975337,AGAMEMNON,93000.0,Мальта,"Газовоз (LNG Tanker, HAZ-D)"
9975325,ARCHIMIDISIMO номер: 9975325,93000.0,Мальта,"Танкер для перевозки сжиженного природного газа (LNG Tanker, Large)"
9997672,PUTERI KEDAH,93000.0,Сингапур (Singapore Flag) — суверенный национальный реестр высшей категории надежности,Газовоз СПГ (LNG Tanker / Large LNG Carrier)
9986609,AL TUWAR,92996.0,Сингапур,Газовоз (LNG Tanker / Large LNG Carrier)
9816763,GASLOG WARSAWIMO номер: 9816763,92996.0,Греция,Газовоз (LNG Tanker)
9953274,LIMAIL,92982.0,Либерия,Судно для перевозки сжиженного природного газа / Газовоз (LNG Tanker)
9762962,HOEGH GIANTIMO номер: 9762962,92969.0,Сингапур,LNG Tanker / LNGC
9976147,GAIL SAGAR,92924.0,Либерия IMO номер: 9976147 Год постройки: 2025,Газовоз для перевозки сжиженного природного газа (LNG Tanker)
9976135,KOOL TIGERТип судна: Газовоз для перевозки сжиженного природного газа (LNG Tanker),92924.0,Либерия IMO номер: 9976135 Год постройки: 2024,Газовоз для перевозки сжиженного природного газа (LNG Tanker)
9849887,LA PEROUSE,92923.0,Россия,LNG Tanker
9895238,VIVIRT CITY LNG,92855.0,Либерия,Газовоз для перевозки сжиженного природного газа (LNG Tanker / Large)
9902756,VIVIT ARABIA LNG,92855.0,Либерия,Газовоз (LNG Tanker)
9721724,LA MANCHA KNUTSEN,92802.0,Испания,Газовоз (LNG Tanker)
9855812,GASLOG WESTMINSTER,92800.0,Бермудские острова,Газовоз (LNG Tanker / СПГ-танкер)
9770438,MARVEL CRANE,92799.0,Сингапур,"Танкер для перевозки сжиженного природного газа (LNG Tanker, Large)"
9709489,MARAN GAS PERICLES,92776.0,Греция IMO номер: 9709489 Год постройки: 2016,Газовоз для перевозки сжиженного природного газа (LNG Tanker)
9682590,MARAN GAS AGAMEMNON,92762.0,Греция,Танкер для перевозки сжиженного природного газа / Газовоз LNG (LNG Tanker)
9770440,MARVEL HERON,92659.0,Панама IMO номер: 9770440 Год постройки: 2019,Газовоз для перевозки сжиженного природного газа (LNG Tanker)
9682605,MARAN GAS HECTOR,92640.0,Греция,Судно для перевозки сжиженного природного газа / Газовоз (LNG Tanker / LNG Carrier)
9709491,MARAN GAS ULYSSES,92621.0,Греция,Газовоз / LNG Tanker (HAZ-A)
9879674,YIANNIS,92619.0,ГРЕЦИЯ,LNG Tanker (Танкер для перевозки СПГ)
9991939,AL THURAYYA,92600.0,Либерия,Газовоз (LNG Tanker / LNG Large)
1023657,GREENERGY WHALE,92600.0,Сингапур,Газовоз (LNG Tanker)
9991915,SERI DIAN,92600.0,Сингапур,Танкер-газовоз (LNG Tanker)
9901350,JOHN A. ANGELICOUSSIS,92599.0,Греция (Greece) — первоклассный европейский суверенный «белый» судовой реестр,Танкер-газовоз для сжиженного природного газа (LNG Carrier / LNG Tanker)
9864784,CELSIUS COPENHAGEN,92473.0,Маршалловы острова,Газовоз (LNG Carrier)
9864796,CELSIUS CANBERRAТип судна: Газовоз для перевозки сжиженного природного газа (LNG Tanker / Large),92454.0,Маршалловы острова IMO номер: 9864796 Год постройки: 2021,Газовоз для перевозки сжиженного природного газа (LNG Tanker / Large)
9948736,CELSIUS GRANADA,92385.0,Маршалловы Острова,Танкер для перевозки сжиженного природного газа / LNG Carrier
9945459,CELSIUS GLARUS,92385.0,Маршалловы Острова,LNG Tanker (танкер для перевозки сжиженного природного газа)
9958999,CELSIUS GALWAY,92385.0,Маршалловы острова,Газовоз для перевозки СПГ (LNG Tanker)
9988700,CELSIUS GREENLANDТип судна: Газовоз для перевозки СПГ (LNG Tanker),92385.0,Маршалловы острова (Marshall Islands) IMO номер: 9988700 Год постройки: 2026,Газовоз для перевозки СПГ (LNG Tanker)
9945447,CELSIUS GIZA,92385.0,Маршалловы Острова,Газовоз (LNG Tanker / Large LNG Carrier)
9981520,HALWAN,92377.0,Сингапур,Газовоз (LNG Tanker)
9981532,AL THUMAID,92377.0,Сингапур,Газовоз (LNG Tanker)
9981518,SHRA'OUH,92377.0,Сингапур,Газовоз (LNG Tanker / New Panamax)
9981506,SHARQ (экс-Ras Laffan),92377.0,Сингапур,Судно для перевозки сжиженного природного газа / Газовоз (LNG Tanker / LNG Carrier)
9981415,UMM WISHAH,92323.0,Франция,Газовоз для перевозки сжиженного природного газа (LNG Tanker / Large)
9981403,BARZANIMO: 9981403,92323.0,"Франция Год постройки: 2026 Габариты: Длина (LOA) — 299 м, ширина — 46 м",LNG Tanker (Танкер для перевозки сжиженного природного газа)
9277462,SANHA LPG FPSO,92271.0,Багамские Острова,"Плавучая установка для добычи, хранения и отгрузки сжиженного нефтяного газа / LPG FPSO (Offshore Support Vessel / Gas Carrier)"
9748904,GASLOG HONG KONG,92266.0,Бермудские Острова,Танкер для перевозки сжиженного природного газа / LNG Carrier
9992244,FRONTIER LNG,92232.0,Маршалловы Острова,Газовоз (LNG Tanker)
9992232,OLYMPUS LNG,92232.0,Маршалловы Острова,Газовоз (LNG Tanker / Newbuild)
9992220,PARTHENON LNG,92232.0,Маршалловы острова IMO номер: 9992220 Год постройки: 2026,Газовоз СПГ (LNG Tanker)
9981398,AL FAT'H,92124.0,Франция,Газовоз для перевозки СПГ (LNG Tanker)
9992880,MUSCAT,92040.0,Маршалловы Острова,Газовоз (LNG Tanker / New Panamax)
9992878,MUSANDAM LNG,92040.0,Маршалловы Острова,Танкер для перевозки сжиженного природного газа (LNG Tanker / Large)
9970686,HARMONIC BREEZE,92000.0,Маршалловы острова,Газовоз для перевозки СПГ (LNG Tanker)
9975519,GASLOG RIVIERA,92000.0,Франция,Газовоз (LNG Tanker)
9915894,SHAOLIN,91752.0,Гонконг,Газовоз (LNG Tanker)
9958664,KONGTONG,91682.0,"Гонконг (Hong Kong, China) — международный судовой реестр «белого списка»",Танкер-газовоз СПГ (LNG Carrier)
9915911,KUNLUN,91509.0,Гонконг,Газовоз СПГ (LNG Tanker)
9963815,ROTMISTRZ WITOLD PILECKI,91500.0,Греция,Газовоз для перевозки СПГ (LNG Tanker)
9915909,WUDANG,91466.0,Сянган,Газовоз / LNG Tanker (HAZ-D)
9834325,LNG MEGREZ,91430.0,Гонконг,Газовоз (LNG Tanker)
9892121,WEN CHENG (文成),91218.0,Гонконг (Hong Kong Flag) — международный реестр высшей категории надежности,Танкер-газовоз СПГ (Large LNG Carrier)
9331660,SERI BALHAF,91201.0,Малайзия,СПГ-танкер (LNG Tanker)
9331672,SERI BALQIS,91198.0,Малайзия,СПГ-танкер (LNG Tanker)
1023865,QINGCHENG,91160.0,Гонконг,"Танкер для перевозки сжиженного природного газа (LNG Tanker, Large)"
9979761,OCEAN INSPIRATION,91157.0,Гонконг,Газовоз для перевозки СПГ (LNG Tanker)
1024754,TIANSHAN,91033.0,Гонконг,Газовоз (LNG Tanker)
9501186,AZURE 1186,90986.0,Маршалловы Острова,LNG Tanker (танкер для перевозки сжиженного природного газа).
9649328,ENERGY ATLANTICIMO: 9649328,90783.0,"Мальта Год постройки: 2015 Габариты: Длина (LOA) — 290 м, ширина — 46 м",LNG Tanker (Танкер для перевозки сжиженного природного газа)
9850666,ATLAS 0666,90625.0,Сингапур,LNG Tanker / LNGC
9654701,KOOL KELVIN (ранее: GOLAR KELVIN),90580.0,Маршалловы острова,Газовоз (LNG Tanker)
9758064,BW TULIP,90522.0,Сингапур,Газовоз / LNG Tanker (HAZ-D)
9792606,VESSEL 2606,90381.0,Сингапур,LNG Tanker / LNGC
9723801,PRACHI,90328.0,Сингапур,Газовоз (LNG Carrier)
9627485,WOODSIDE ROGERS,90327.0,Греция,"СПГ-танкер (LNG Tanker, Membrane Type)"
9654696,ATLAS 4696,90248.0,Маршалловы Острова,LNG Tanker / LNGC
9633161,WOODSIDE GOODE,90125.0,Либерия,Газовоз (класс опасности HAZ-A) / LNG Tanker
9331658,SERI BIJAKSANA,89953.0,Малайзия (Malaysia) Технические характеристики,Танкер-газовоз СПГ (LNG Tanker / Gas Carrier)
9637507,CLEAN PLANET,89848.0,Маршалловы Острова,Газовоз / Танкер для перевозки сжиженного природного газа (LNG Tanker)
9636747,YARI LNG,89804.0,Мальта,LNG Tanker (Танкер для перевозки сжиженного природного газа)
9903920,GRACE FREESIA,89790.0,Багамские Острова,"Танкер для перевозки сжиженного природного газа (LNG Tanker, Large)"
9874466,DIAMOND GAS VICTORIA,89760.0,Сингапур,Газовоз (LNG Tanker)
9884174,GRACE EMILIA,89730.0,Багамские Острова,Газовоз (LNG Tanker)
9874454,DIAMOND GAS CRYSTAL,89686.0,Сингапур,"Танкер для перевозки сжиженного природного газа (LNG Tanker, Large)"
9633173,MARAN GAS DELPHI,89670.0,Греция,"Танкер для перевозки сжиженного природного газа (LNG Tanker, Large)"
9636711,MARITIME 6711,89624.0,Мальта,LNG Tanker / LNGC
9941520,MARAN GAS ANTIBES,89469.0,Греция,Судно для перевозки сжиженного природного газа / LNG Tanker
9760770,MARVEL HAWK,89432.0,Сингапур,"Танкер для перевозки сжиженного природного газа (LNG Tanker, Large)"
9760768,MARVEL FALCON,89431.0,Сингапур,LNG Tanker
9627502,MARAN GAS LINDOS,89343.0,Греция,Танкер для перевозки сжиженного природного газа (LNG Tanker)
9924869,MARAN GAS MARSEILLE,89301.0,Греция,Газовоз / LNG Tanker
9941518,GAS 1518,89292.0,Греция,Танкер для перевозки сжиженного природного газа (LNG Tanker).
9658238,MARAN GAS MYSTRAS,89269.0,Греция,"Танкер для перевозки сжиженного природного газа (LNG Tanker, Large)"
9658240,MARAN GAS TROY,89240.0,Греция,Газовоз (LNG Tanker / СПГ-танкер)
9974151,PUTERI PERAK,89183.0,Либерия,Газовоз (LNG Tanker)
9974149,PUTERI PAHANG,89183.0,Либерия (Liberia) — международный открытый «белый» судовой реестр (Paris/Tokyo MoU White List). Технические характеристики,Танкер-газовоз для сжиженного природного газа (LNG Carrier / Large LNG Tanker)
9972385,HL PUFFIN,89033.0,Либерия,LNG Tanker (Танкер для перевозки сжиженного природного газа)
9972361,HL EDWARD AUSTIN,89033.0,Либерия,Газовоз (LNG Tanker)
9972359,HL ALYSSA WARNER,89033.0,Либерия,Газовоз (LNG Tanker)
9880192,MARVEL SWAN,88831.0,Багамские острова,Газовоз (LNG Tanker)
9988023,MINERVA ELEONORA,88821.0,Греция,Газовоз / LNG Tanker
9953523,IRIS,88809.0,Россия,LNG Tanker (танкер-газовоз)
9972684,SPIRIT LNG,88808.0,Либерия,Газовоз (LNG Tanker)
9972672,ATHOS LNG,88808.0,Либерия,Крупнотоннажный газовоз для перевозки сжиженного природного газа / СПГ-танкер (LNG Tanker / Large LNG Carrier)
9953511,VOSKHOD,88798.0,Россия,"Газовоз LNG (LNG Carrier, современный мембранный тип)"
9893606,LNG ENDEAVOUR,88798.0,Франция,Газовоз (LNG Tanker)
9988035,MINERVA ROXANNE,88790.0,Греция,LNG Tanker (танкер для перевозки сжиженного природного газа)
9982677,AL KHEESAH,88788.0,Либерия,Судно для перевозки сжиженного природного газа / LNG Tanker
9888766,ORION MONET (экс-Orion Star),88779.0,Франция,Танкер для перевозки сжиженного природного газа / СПГ-газовоз (LNG Tanker)
9874492,LNG MEKONG,88775.0,Франция,Газовоз (LNG Tanker)
9874480,LNG ENTERPRISE,88744.0,Франция,Газовоз (LNG Carrier)
9758844,ENERGY 8844,88700.0,Панама,"СПГ-танкер (LNG Tanker, Membrane Type)"
9709037,FLEX RAINBOW,88684.0,Маршалловы Острова 2. Технические характеристики,"Газовоз LNG (LNG Carrier, мембранный тип вместимостью ~174,000 куб. м)"
9752565,ENERGY GLORY,88677.0,Япония,LNG Tanker (танкер для перевозки сжиженного природного газа)
9736092,ENERGY LIBERTY,88676.0,Япония,Газовоз (LNG Tanker)
9758832,ATLAS 8832,88668.0,Япония,LNG Tanker / LNGC
9750220,PAN ASIA,88613.0,Гонкон г,Газовоз (LNG Tanker)
9886744,CLEAN COPANO,88600.0,Мальта,Газовоз (LNG Carrier)
9889904,ORION SEA,88592.0,Мальта,Газовоз (LNG Carrier)
9889916,ORION SUN,88592.0,Мальта,Газовоз (LNG Tanker)
9863182,DORADO LNGI MO номер: 9863182,88592.0,Мальта,Газовоз / LNG Tanker
9851787,QOGIR,88592.0,Мальта,Судно для перевозки сжиженного природного газа / LNG Carrier (Large)
9875800,LNGSHIPS EMPRESSIMO номер: 9875800,88592.0,Мальта,"Газовоз (LNG Tanker, мембранный тип)"
9885855,MINERVA AMORGOS,88235.0,Мальта,LNG Tanker
9864916,GASLOG GEORGETOWN,88184.0,Бермудские острова,Танкер для перевозки сжиженного природного газа (LNG Tanker)
9977244,UMM AL HOULТип судна: Газовоз для перевозки сжиженного природного газа (LNG Tanker / Large),88090.0,Либерия IMO номер: 9977244 Год постройки: 2025,Газовоз для перевозки сжиженного природного газа (LNG Tanker / Large)
9977282,SIMSIMAH,88024.0,Либерия,Газовоз (LNG Tanker)
9744013,GASLOG GENOA,88016.0,Бермудские острова,Газовоз (LNG Tanker)
9977268,LESHATT,88000.0,Либерия,Газовоз (LNG Tanker)
9977270,AL SAILIYA,87986.0,Либерия,Газовоз (LNG Tanker)
9707510,GASLOG GIBRALTAR,87981.0,Бермудские Острова,"СПГ-танкер (LNG Tanker, Membrane Type)"
9687019,GASLOG GREECE,87975.0,Бермудские острова,Газовоз (LNG Tanker)
9956616,GAS 6616,87968.0,Либерия,"Танкер для перевозки сжиженного природного газа (LNG Tanker), классификация HAZ-D."
9744025,GASLOG GLADSTONE,87955.0,Бермудские острова,"Газовоз (LNG Tanker, HAZ-D)"
9687021,GASLOG GLASGOW,87889.0,Бермудские острова,"Танкер для перевозки сжиженного природного газа (LNG Tanker, Large)"
9956587,ORION SPIRIT,87886.0,Мальта,Судно для перевозки сжиженного природного газа / LNG Tanker (категория HAZ-D)
9977311,UMM AL ZUBAR,87883.0,Либерия,"Газовоз (LNG Tanker, HAZ-D)"
9896452,SERI DAYA,87782.0,Сингапур,Газовоз / LNG Tanker
9627954,WILFORCE,87750.0,Мальта,Крупнотоннажный газовоз для перевозки сжиженного природного газа / СПГ-танкер (LNG Tanker / Large LNG Carrier)
9783124,CORAL ENERGICE,87750.0,NETHERLANDS,LNG Tanker (Танкер для перевозки сжиженного природного газа)
9627966,WILPRIDEТип судна: Газовоз (LNG Tanker / Large),87677.0,Мальта IMO номер: 9627966 Год постройки: 2013,Газовоз (LNG Tanker / Large)
9692002,LNG BONNY II,87674.0,Бермудские Острова,Крупнотоннажный газовоз для сжиженного природного газа класса Q-Flex / LNGC (LNG Tanker / HAZ-D)
9981386,AL ZORE,87405.0,Франция,Газовоз (LNG Tanker)
9482299,SONANGOL ETOSHA,87294.0,Багамские Острова,Газовоз (LNG Carrier)
9483877,ENERGY HORIZON,87257.0,Япония,Крупнотоннажный газовоз / Танкер для сжиженного природного газа (LNG Tanker)
9360922,GIGIRA LAITEBO,87194.0,Багамские Острова,Танкер для перевозки сжиженного природного газа (LNG Tanker / Moss Rosenberg type)
9690169,LNG ABUJA II,87147.0,Бермудские Острова,Танкер для перевозки сжиженного природного газа / LNG Carrier
9690157,LNG PORT-HARCOURT IIIMO номер: 9690157,87139.0,Бермудские острова,Газовоз (LNG Tanker)
9361639,SPIRIT OF HELA,87130.0,Багамские Острова,Судно для перевозки сжиженного природного газа / LNG Tanker (категория HAZ-D)
9475600,SONANGOL SAMBIZANGA,87104.0,Багамские острова,Газовоз (LNG Tanker)
9690171,LNG ABALAMABIE,86925.0,Бермудские острова,Газовоз для перевозки сжиженного природного газа (LNG Tanker)
9743875,PACIFIC MIMOSA,86497.0,Япония,Судно для перевозки сжиженного природного газа / LNG Tanker
9640437,BW PAVILION VANDA,86401.0,Сингапур,LNG Tanker (танкер для перевозки сжиженного природного газа)
9640645,BW PAVILION LEEARAТип судна: Танкер для перевозки сжиженного природного газа (LNG Tanker),86383.0,Сингапур IMO номер: 9640645 Год постройки: 2015,Танкер для перевозки сжиженного природного газа (LNG Tanker)
9520376,METHANE MICKIE HARPER,86170.0,Панама,LNG Tanker (танкер для перевозки сжиженного природного газа)
9645748,LNG MARS,86161.0,Япония,Газовоз (LNG Tanker)
9666998,LNG JUROJIN,86121.0,Багамские острова,Газовоз (LNG Tanker)
9696149,LNG SATURN,86044.0,Багамские Острова,Газовоз (LNG Tanker)
9431147,AL BAHIYA,85550.0,Маршалловы Острова,"Танкер для перевозки сжиженного природного газа (LNG Tanker, Hazard D)"
9323687,CLEAN ENERGY,85513.0,Маршалловы Острова,LNG Tanker
9323675,GRAND COSMOS (экс-Grace Cosmos),85224.0,Либерия,Газовоз / Танкер для перевозки сжиженного природного газа (LNG Tanker / Moss Rosenberg type)
9315707,GRACE ACACIA,85214.0,Багамские Острова,Газовоз / LNG Tanker (категория HAZ-A)
9655042,KOOL FROST,85000.0,Маршалловы Острова,LNG Tanker (Газовоз СПГ)
9970674,VANTAGE LNG,85000.0,Маршалловы Острова,Газовоз (LNG Tanker)
9325893,TANGGUH TOWUTI,84992.0,Сингапур,"СПГ-танкер (LNG Tanker, Membrane Type)"
9271248,ARCTIC PRINCESS,84878.0,Норвегия,"СПГ-танкер (LNG Tanker, Moss Type)"
9320374,ENERGOS MARIA (исторически: GOLAR MARIA)IMO номер: 9320374,84823.0,Маршалловы острова,Газовоз (LNG Tanker)
9315692,OB RIVER (ранее — Clean Power),84682.0,Маршалловы Острова,Танкер для перевозки сжиженного природного газа / Газовоз LNG (LNG Tanker / HAZ-D)
9317999,AMUR RIVER,84598.0,Маршалловы острова,Газовоз для перевозки сжиженного природного газа (LNG Tanker / Membrane Type)
9629598,LENA RIVERIMO номер: 9629598,84585.0,Маршалловы Острова,"Танкер для перевозки сжиженного природного газа (LNG Tanker, Large)"
9629586,YENISEI RIVER,84565.0,Маршалловы Острова,"Танкер для перевозки сжиженного природного газа (LNG Tanker, Large)"
9975533,PUTERI SARAWAK,84500.0,ЛИБЕРИЯ,LNG Tanker (Танкер для перевозки сжиженного природного газа)
9333632,TANGGUH HIRI,84467.0,Багамские Острова,Газовоз / LNG Tanker (категория HAZ-A)
9714276,SERI CAMELLIA,84333.0,Малайзия,"СПГ-танкер (LNG Tanker, Moss-Type)"
9333591,ARCTIC EXPRESS (ранее British Emerald),84303.0,Российская Федерация (Russia) — переход под национальный флаг в 2026 году,Танкер для перевозки сжиженного природного газа (LNG Tanker)
9714288,SERI CENDERAWASIH,84303.0,Малайзия,Газовоз (LNG Tanker)
9333606,"COOL RANGER (ранее Golar Frost, Grace Acacia)",84155.0,Мальта (Malta Flag) — европейский международный реестр высшей категории надежности,Танкер-газовоз СПГ (LNG Carrier)
9926714,NANTES KNUTSEN,84050.0,FRANCE,LNG Tanker (Танкер для перевозки сжиженного природного газа)
9269960,VESSEL 9960,83965.0,Бермудские Острова,LNG Tanker / LNGC
9311567,LNG KANO,83961.0,Бермудские Острова,Газовоз для перевозки сжиженного природного газа / LNG Carrier (Hazardous Cargo A)
9372999,HYUNDAI ECOPIA,83959.0,Панама,Крупнотоннажный газовоз СПГ / LNG Carrier (категория HAZ-A)
9691137,BISHU MARU,83752.0,Панама,LNG Tanker (танкер для перевозки сжиженного природного газа)
9311579,LNG ONDO,83688.0,Бермудские Острова,Танкер для перевозки сжиженного природного газа / СПГ-газовоз (LNG Tanker)
9311581,LNG,83688.0,Бермудские Острова,Крупнотоннажный газовоз для перевозки сжиженного природного газа / СПГ-танкер (LNG Tanker / Large LNG Carrier)
9759240,MARVEL EAGLE,83571.0,Панама,Газовоз СПГ (LNG Tanker)
9969376,ENEOS GLORY,83400.0,ПАНАМА,LPG Tanker (Танкер для перевозки сжиженного нефтяного газа)
9329679,SERI AYU,83365.0,Малайзия,Газовоз / LNG Tanker
9799305,NAN YU 6,83350.0,CHINA,LPG/Chemical Tanker (Газовоз/Химовоз)
9266994,LNG ENUGU,83160.0,Бермудские острова,Газовоз (LNG Carrier)
1049871,ETHANE CORAL,83100.0,МАРШАЛЛОВЫ ОСТРОВА,LPG Tanker (Танкер для перевозки сжиженного нефтяного газа / газовоз)
9267003,LNG OYO,83068.0,Бермудские острова,Газовоз (LNG Tanker)
9141962,GAS RGA,83050.0,PALAU,LPG Tanker (Танкер для перевозки сжиженного газа)
9397286,AL GHASHAMIYA,83000.0,MARSHALL ISLANDS,LNG Tanker (Танкер для перевозки сжиженного природного газа)
9267015,LNG BENUE,82971.0,Бермудские острова,Газовоз (LNG Tanker)
9490961,LNG 0961,82929.0,Багамские Острова,"Танкер для перевозки сжиженного природного газа (LNG Tanker, Large)"
9491812,CUBAL,82834.0,Багамские острова IMO номер: 9491812 Год постройки: 2012,Газовоз для перевозки сжиженного природного газа (LNG Tanker / Membrane Type)
9490959,MALANJE (ранее MAHANJA),82729.0,Багамские Острова,Танкер для перевозки сжиженного природного газа (LNG Carrier).
9680190,ASIA VENTURE,82564.0,Багамские Острова,"СПГ-танкер (LNG Tanker, Membrane Type)"
9606948,ASIA VISION,82487.0,Багамские Острова,"СПГ-танкер (LNG Tanker, Membrane Type)"
9610779,ASIA ENDEAVOUR,82434.0,Багамские острова,LNG Tanker (газовоз СПГ)
9606950,ASIA ENERGY,82424.0,Багамские Острова,"СПГ-танкер (LNG Tanker, Membrane Type)"
9877341,MINERVA CHIOS,82350.0,MALTA,LNG Tanker (Танкер для перевозки сжиженного природного газа).
9352860,GASLOG SAVANNAH,82291.0,Бермудские острова,"Танкер для перевозки сжиженного природного газа (LNG Tanker, Large)"
9791200,SHINSHU MARU,82287.0,Багамские Острова,Танкер для перевозки сжиженного природного газа / LNG Carrier (Large)
9342487,"SEAPEAK MAGELLAN (ранее: MAGELLAN SPIRIT, MAERSK MAGELLAN)",82265.0,Дания,"Танкер для перевозки сжиженного природного газа (LNG Tanker, Large)"
9791212,SOHSHU MARU,82254.0,Багамские Острова,Газовоз (LNG Tanker / СПГ-танкер)
9958315,NORTH OCEAN,82250.0,СИНГАПУР,LNG Tanker (Танкер для перевозки сжиженного природного газа)
9339260,SEAPEAK ARWA,82187.0,Маршалловы Острова,"СПГ-танкер (LNG Tanker, Membrane Type)"
9624938,NFE PENGUIN (бывш. Golar Penguin до июля 2023 года),82181.0,Маршалловы Острова,Газовоз СПГ / LNG Carrier (TFDE / Membrane Type)
9600530,GASLOG SANTIAGO,82178.0,Бермудские острова,Газовоз (LNG Carrier — танкер для перевозки СПГ)
9774135,LNG SAKURA,82137.0,Багамы,Газовоз для перевозки сжиженного природного газа (LNG Tanker / Large)
9336749,SEAPEAK MARIB (историческое название: Marib Spirit),82095.0,Маршалловы Острова,Газовоз для перевозки СПГ / LNG Carrier (HAZ-A)
9122253,STAR PHENIX,82050.0,ЯПОНИЯ,LPG/Chemical Tanker (Танкер для перевозки сжиженного нефтяного газа и химикатов)
9624914,HOEGH GANDRIA,82048.0,Сингапур,Газовоз СПГ / LNG Tanker
9322803,LNG BORNO,82030.0,Бермудские Острова,Танкер для перевозки сжиженного природного газа / СПГ-газовоз (LNG Tanker)
9638915,GASLOG SALEM,82023.0,Бермудские Острова,Газовоз / Танкер для перевозки СПГ (LNG Tanker - HAZ-B)
9995727,ALCAIOS I,82000.0,Маршалловы Острова,Газовоз (LNG Tanker / New Panamax)
9995739,ANTAIOS I,82000.0,Мальта,Газовоз (LNG Tanker)
9341689,LNG JUPITER,81950.0,Багамские Острова,Газовоз (LNG Tanker)
9640023,COOL EXPLORER,81893.0,Мальта,"Газовоз (LNG Tanker, HAZ-C)"
9636797,COOL RUNNER,81891.0,Мальта,СПГ-танкер (LNG Tanker)
9636785,COOL VOYAGER,81890.0,Мальта,LNG Tanker
9638903,GASLOG SARATOGA,81855.0,Бермудские острова,"Газовоз (LNG Tanker, класс HAZ-A)"
9634098,SOLARIS,81853.0,Бермудские Острова,Судно для перевозки сжиженного природного газа / LNG Tanker (категория HAZ-B)
9785500,ENERGOS NANOOK (бывш. GOLAR NANOOK),81747.0,Маршалловы Острова,Плавучая установка для хранения и регазификации СПГ / Судно для шельфовой переработки газа (FSRU / Offshore Processing Ship / LNG Carrier)
9637325,KOOL ICE (ранее GOLAR ICE),81534.0,Маршалловы Острова,Танкер для перевозки сжиженного природного газа (LNG Carrier).
1051642,ENERGIA SOLEIL,81250.0,Либерия,LPG Tanker (Танкер для перевозки сжиженного газа)
9878876,MU LAN,81100.0,Либерия,Танкер для перевозки сжиженного природного газа (LNG Tanker)
9300817,KOSMOS,81034.0,Россия IMO номер: 9300817 Год постройки: 2005,Газовоз для перевозки сжиженного природного газа (LNG Tanker)
9904699,ZVEZDA 044,81000.0,Российская Федерация,"Танкер для перевозки сжиженного природного газа (LNG Tanker, ледовый класс)"
9904687,SERGEI WITTEIMO номер: 9904687,81000.0,Российская Федерация,"Танкер для перевозки сжиженного природного газа (LNG Tanker, ледовый класс)"
9275347,LALLA FATMA N'SOUMERIMO номер: 9275347,80920.0,Багамские Острова,"Танкер для перевозки сжиженного природного газа (LNG Tanker, Large)"
9595539,PHENIX LEGEND,80900.0,ЯПОНИЯ,LPG/Chemical Tanker (Танкер для перевозки сжиженного газа и химикатов)
